"","sequence","sequence_aa","junction","junction_aa","v_call","d_call","j_call","np1","np2","del_v","del_d_5","del_d_3","del_j","v_sequence_alignment","d_sequence_alignment","j_sequence_alignment","freqs","counts","shm_events","name_repertoire"
"1","gatgccatggtcatccagaacccaagataccaggttacccagtttggaaagccagtgaccctgagttgttctcagactttgaaccataacgtcatgtactggtaccagcagaagtcaagtcaggccccaaagctgctgttccactactatgacaaagattttaacaatgaagcagacacccctgataacttccaatccaggaggccgaacacttctttctgctttcttgacatccgctcaccaggcctgggggacacagccatgtacctgtgtgccaccagcagagagaggggggacagggggcgtgcccttagcaatcagccccagcattttggtgatgggactcgactctccatccta","DAMVIQNPRYQVTQFGKPVTLSCSQTLNHNVMYWYQQKSSQAPKLLFHYYDKDFNNEADTPDNFQSRRPNTSFCFLDIRSPGLGDTAMYLCATSRERGDRGRALSNQPQHFGDGTRLSIL","tgtgccaccagcagagagaggggggacagggggcgtgcccttagcaatcagccccagcatttt","CATSRERGDRGRALSNQPQHF","TRBV15","TRBD1","TRBJ1-5","gaggg","gtgccct",0,0,0,0,"tgtgccaccagcagaga","gggacagggggc","tagcaatcagccccagcatttt",0.611658205394825,10000,"","hs_trb_sim"
"2","gatgccatggtcatccagaacccaagataccaggttacccagtttggaaagccagtgaccctgagttgttctcagactttgaaccataacgtcatgtactggtaccagcagaagtcaagtcaggccccaaagctgctgttccactactatgacaaagattttaacaatgaagcagacacccctgataacttccaatccaggaggccgaacacttctttctgctttcttgacatccgctcaccaggcctgggggacacagccatgtacctgtgtgccaccagcagagacagacaggctggaaacaccatatattttggagagggaagttggctcactgttgta","DAMVIQNPRYQVTQFGKPVTLSCSQTLNHNVMYWYQQKSSQAPKLLFHYYDKDFNNEADTPDNFQSRRPNTSFCFLDIRSPGLGDTAMYLCATSRDRQAGNTIYFGEGSWLTVV","tgtgccaccagcagagacagacaggctggaaacaccatatatttt","CATSRDRQAGNTIYF","TRBV15","TRBD1","TRBJ1-3","caga","",0,4,4,2,"tgtgccaccagcagaga","cagg","ctggaaacaccatatatttt",0.152914551348706,2500,"","hs_trb_sim"
"3","tctcagactattcatcaatggccagcgaccctggtgcagcctgtgggcagcccgctctctctggagtgcactgtggagggaacatcaaaccccaacctatactggtaccgacaggctgcaggcaggggcctccagctgctcttctactccgttggtattggccagatcagctctgaggtgccccagaatctctcagcctccagaccccaggaccggcagttcatcctgagttctaagaagctccttctcagtgactctggcttctatctctgtgcaggggggcggggccacgagcagtacttcgggccgggcaccaggctcacggtcaca","SQTIHQWPATLVQPVGSPLSLECTVEGTSNPNLYWYRQAAGRGLQLLFYSVGIGQISSEVPQNLSASRPQDRQFILSSKKLLLSDSGFYLCAGGRGHEQYFGPGTRLTVT","tgtgcaggggggcggggccacgagcagtacttc","CAGGRGHEQYF","TRBV30","TRBD2","TRBJ2-7","agggggg","cc",9,8,3,5,"tgtgc","cgggg","acgagcagtacttc",0.0679552266193651,1111,"","hs_trb_sim"
"4","gatggtggaatcactcagtccccaaagtacctgttcagaaaggaaggacagaatgtgaccctgagttgtgaacagaatttgaaccacgatgccatgtactggtaccgacaggacccagggcaagggctgagattgatctactactcacagatagtaaatgactttcagaaaggagatatagctgaagggtacagcgtctctcgggagaagaaggaatcctttcctctcactgtgacatcggcccaaaagaacccgacagctttctatctctgtgccagtagtatagagggactagcgggggggtcatggcggaatcagccccagcattttggtgatgggactcgactctccatccta","DGGITQSPKYLFRKEGQNVTLSCEQNLNHDAMYWYRQDPGQGLRLIYYSQIVNDFQKGDIAEGYSVSREKKESFPLTVTSAQKNPTAFYLCASSIEGLAGGSWRNQPQHFGDGTRLSIL","tgtgccagtagtatagagggactagcgggggggtcatggcggaatcagccccagcatttt","CASSIEGLAGGSWRNQPQHF","TRBV19","TRBD2","TRBJ1-5","a","tcatggcgg",1,0,0,4,"tgtgccagtagtatag","gggactagcggggggg","aatcagccccagcatttt",0.0382286378371766,625,"","hs_trb_sim"
"5","tctcagactattcatcaatggccagcgaccctggtgcagcctgtgggcagcccgctctctctggagtgcactgtggagggaacatcaaaccccaacctatactggtaccgacaggctgcaggcaggggcctccagctgctcttctactccgttggtattggccagatcagctctgaggtgccccagaatctctcagcctccagaccccaggaccggcagttcatcctgagttctaagaagctccttctcagtgactctggcttctatctctgtgcctggagtgtcaggggactagcgggggacgagcagtacttcgggccgggcaccaggctcacggtcaca","SQTIHQWPATLVQPVGSPLSLECTVEGTSNPNLYWYRQAAGRGLQLLFYSVGIGQISSEVPQNLSASRPQDRQFILSSKKLLLSDSGFYLCAWSVRGLAGDEQYFGPGTRLTVT","tgtgcctggagtgtcaggggactagcgggggacgagcagtacttc","CAWSVRGLAGDEQYF","TRBV30","TRBD2","TRBJ2-7","caggg","g",0,2,3,5,"tgtgcctggagtgt","gactagcgggg","acgagcagtacttc",0.024466328215793,400,"","hs_trb_sim"
"6","ggtgctggagtctcccagtcccctaggtacaaagtcgcaaagagaggacaggatgtagctctcaggtgtgatccaatttcgggtcatgtatcccttttttggtaccaacaggccctggggcaggggccagagtttctgacttatttccagaatgaagctcaactagacaaatcggggctgcccagtgatcgcttctttgcagaaaggcctgagggatccgtctccactctgaagatccagcgcacacagcaggaggactccgccgtgtatctctgtgtagcgggggggatagccccgtcctacaatgagcagttcttcgggccagggacacggctcaccgtgcta","GAGVSQSPRYKVAKRGQDVALRCDPISGHVSLFWYQQALGQGPEFLTYFQNEAQLDKSGLPSDRFFAERPEGSVSTLKIQRTQQEDSAVYLCVAGGIAPSYNEQFFGPGTRLTVL","tgtgtagcgggggggatagccccgtcctacaatgagcagttcttc","CVAGGIAPSYNEQFF","TRBV7-8","TRBD2","TRBJ2-1","","atagccccg",13,5,0,1,"tgtg","tagcggggggg","tcctacaatgagcagttc",0.0170040981099761,278,"","hs_trb_sim"
"7","gatggtggaatcactcagtccccaaagtacctgttcagaaaggaaggacagaatgtgaccctgagttgtgaacagaatttgaaccacgatgccatgtactggtaccgacaggacccagggcaagggctgagattgatctactactcacagatagtaaatgactttcagaaaggagatatagctgaagggtacagcgtctctcgggagaagaaggaatcctttcctctcactgtgacatcggcccaaaagaacccgacagctttctatctctgtgccagtagtatagagggggttttttttaactatggctacaccttcggttcggggaccaggttaaccgttgta","DGGITQSPKYLFRKEGQNVTLSCEQNLNHDAMYWYRQDPGQGLRLIYYSQIVNDFQKGDIAEGYSVSREKKESFPLTVTSAQKNPTAFYLCASSIEGVFFNYGYTFGSGTRLTVV","tgtgccagtagtatagagggggttttttttaactatggctacaccttc","CASSIEGVFFNYGYTF","TRBV19","TRBD1","TRBJ1-2","","ttttttt",1,5,1,1,"tgtgccagtagtatag","aggggg","taactatggctacaccttc",0.0124778273900544,204,"","hs_trb_sim"
"8","aatgctggtgtcactcagaccccaaaattccaggtcctgaagacaggacagagcatgacactgcagtgtgcccaggatatgaaccatgaatacatgtcctggtatcgacaagacccaggcatggggctgaggctgattcattactcagttggtgctggtatcactgaccaaggagaagtccccaatggctacaatgtctccagatcaaccacagaggatttcccgctcaggctgctgtcggctgctccctcccagacatctgtgtacttctgtgccagcagttactcacatagcggggggggatcctacaatgagcagttcttcgggccagggacacggctcaccgtgcta","NAGVTQTPKFQVLKTGQSMTLQCAQDMNHEYMSWYRQDPGMGLRLIHYSVGAGITDQGEVPNGYNVSRSTTEDFPLRLLSAAPSQTSVYFCASSYSHSGGGSYNEQFFGPGTRLTVL","tgtgccagcagttactcacatagcggggggggatcctacaatgagcagttcttc","CASSYSHSGGGSYNEQFF","TRBV6-5","TRBD2","TRBJ2-1","aca","gat",0,5,0,2,"tgtgccagcagttactc","tagcggggggg","cctacaatgagcagttc",0.00954186800415928,156,"","hs_trb_sim"
"9","ggagctggagtctcccagtcccccagtaacaaggtcacagagaagggaaaggatgtagagctcaggtgtgatccaatttcaggtcatactgccctttactggtaccgacagagcctggggcagggcctggagtttttaatttacttccaaggcaacagtgcaccagacaaatcagggctgcccagtgatcgcttctctgcagagaggactgggggatccgtctccactctgacgatccagcgcacacagcaggaggactcggccgtgtatctctgtgccagcagcttagcggtgacgagcacagatacgcagtattttggcccaggcacccggctgacagtgctc","GAGVSQSPSNKVTEKGKDVELRCDPISGHTALYWYRQSLGQGLEFLIYFQGNSAPDKSGLPSDRFSAERTGGSVSTLTIQRTQQEDSAVYLCASSLAVTSTDTQYFGPGTRLTVL","tgtgccagcagcttagcggtgacgagcacagatacgcagtatttt","CASSLAVTSTDTQYF","TRBV7-2","TRBD1","TRBJ2-3","ggtg","g",0,3,7,0,"tgtgccagcagcttagc","ac","agcacagatacgcagtatttt",0.00752339592635635,123,"","hs_trb_sim"
"10","gagactggagtcacccaaagtcccacacacctgatcaaaacgagaggacagcaagtgactctgagatgctcttctcagtctgggcacaacactgtgtcctggtaccaacaggccctgggtcaggggccccagtttatctttcagtattatagggaggaagagaatggcagaggaaacttccctcctagattctcaggtctccagttccctaattatagctctgagctgaatgtgaacgccttggagctggacgactcggccctgtatctctgtgccagcagcttgcagggggggttaagacaggggggggatcagccccagcattttggtgatgggactcgactctccatccta","ETGVTQSPTHLIKTRGQQVTLRCSSQSGHNTVSWYQQALGQGPQFIFQYYREEENGRGNFPPRFSGLQFPNYSSELNVNALELDDSALYLCASSLQGGLRQGGDQPQHFGDGTRLSIL","tgtgccagcagcttgcagggggggttaagacaggggggggatcagccccagcatttt","CASSLQGGLRQGGDQPQHF","TRBV5-4","TRBD1","TRBJ1-5","cagggggggttaagac","gggga",1,5,2,6,"tgtgccagcagcttg","agggg","tcagccccagcatttt",0.00611658205394825,100,"","hs_trb_sim"
"11","aatgctggtgtcactcagaccccaaaattccaggtcctgaagacaggacagagcatgacactgcagtgtgcccaggatatgaaccataactccatgtactggtatcgacaagacccaggcatgggactgaggctgatttattactcagcttctgagggtaccactgacaaaggagaagtccccaatggctacaatgtctccagattaaacaaacgggagttctcgctcaggctggagtcggctgctccctcccagacatctgtgtacttctgtgccagcagtgaagctcgggggagtggggcctacgagcagtacttcgggccgggcaccaggctcacggtcaca","NAGVTQTPKFQVLKTGQSMTLQCAQDMNHNSMYWYRQDPGMGLRLIYYSASEGTTDKGEVPNGYNVSRLNKREFSLRLESAAPSQTSVYFCASSEARGSGAYEQYFGPGTRLTVT","tgtgccagcagtgaagctcgggggagtggggcctacgagcagtacttc","CASSEARGSGAYEQYF","TRBV6-1","TRBD1","TRBJ2-7","tc","gagtgggg",0,6,2,2,"tgtgccagcagtgaagc","gggg","cctacgagcagtacttc",0.00507676310477705,83,"","hs_trb_sim"
"12","aaggctggagtcactcaaactccaagatatctgatcaaaacgagaggacagcaagtgacactgagctgctcccctatctctgggcataggagtgtatcctggtaccaacagaccccaggacagggccttcagttcctctttgaatacttcagtgagacacagagaaacaaaggaaacttccctggtcgattctcagggcgccagttctctaactctcgctctgagatgaatgtgagcaccttggagctgggggactcggccctttatctttgcgccagccgaggggggactagcgggggggagccccagcattttggtgatgggactcgactctccatccta","KAGVTQTPRYLIKTRGQQVTLSCSPISGHRSVSWYQQTPGQGLQFLFEYFSETQRNKGNFPGRFSGRQFSNSRSEMNVSTLELGDSALYLCASRGGTSGGEPQHFGDGTRLSIL","tgcgccagccgaggggggactagcgggggggagccccagcatttt","CASRGGTSGGEPQHF","TRBV5-1","TRBD2","TRBJ1-5","cgaggg","",7,0,0,8,"tgcgccagc","gggactagcggggggg","agccccagcatttt",0.0042204416172243,69,"","hs_trb_sim"
"13","gatactggagtctcccagaaccccagacacaagatcacaaagaggggacagaatgtaactttcaggtgtgatccaatttctgaacacaaccgcctttattggtaccgacagaccctggggcagggcccagagtttctgacttacttccagaatgaagctcaactagaaaaatcaaggctgctcagtgatcggttctctgcagagaggcctaagggatctttctccaccttggagatccagcgcacagagcagggggactcggccatgtatctctgtgccagcagcttagcgggactagcgggggggcctttctacgagcagtacttcgggccgggcaccaggctcacggtcaca","DTGVSQNPRHKITKRGQNVTFRCDPISEHNRLYWYRQTLGQGPEFLTYFQNEAQLEKSRLLSDRFSAERPKGSFSTLEIQRTEQGDSAMYLCASSLAGLAGGPFYEQYFGPGTRLTVT","tgtgccagcagcttagcgggactagcgggggggcctttctacgagcagtacttc","CASSLAGLAGGPFYEQYF","TRBV7-9","TRBD2","TRBJ2-7","","ccttt",0,0,0,3,"tgtgccagcagcttagc","gggactagcggggggg","ctacgagcagtacttc",0.00360878341182947,59,"","hs_trb_sim"
"14","gaaacgggagttacgcagacaccaagacacctggtcatgggaatgacaaataagaagtctttgaaatgtgaacaacatctggggcataacgctatgtattggtacaagcaaagtgctaagaagccactggagctcatgtttgtctacaactttaaagaacagactgaaaacaacagtgtgccaagtcgcttctcacctgaatgccccaacagctctcacttattccttcacctacacaccctgcagccagaagactcggccctgtatctctgtgccagcagccaagcaccctcctacgagcagtacttcgggccgggcaccaggctcacggtcaca","ETGVTQTPRHLVMGMTNKKSLKCEQHLGHNAMYWYKQSAKKPLELMFVYNFKEQTENNSVPSRFSPECPNSSHLFLHLHTLQPEDSALYLCASSQAPSYEQYFGPGTRLTVT","tgtgccagcagccaagcaccctcctacgagcagtacttc","CASSQAPSYEQYF","TRBV4-2","TRBD2","TRBJ2-7","agc","cc",3,3,12,0,"tgtgccagcagcca","a","ctcctacgagcagtacttc",0.00311945684751361,51,"","hs_trb_sim"
"15","aaggctggagtcactcaaactccaagatatctgatcaaaacgagaggacagcaagtgacactgagctgctcccctatctctgggcataggagtgtatcctggtaccaacagaccccaggacagggccttcagttcctctttgaatacttcagtgagacacagagaaacaaaggaaacttccctggtcgattctcagggcgccagttctctaactctcgctctgagatgaatgtgagcaccttggagctgggggactcggccctttatctttgcgccagcagcttgtcggccggggcctttccctacgagcagtacttcgggccgggcaccaggctcacggtcaca","KAGVTQTPRYLIKTRGQQVTLSCSPISGHRSVSWYQQTPGQGLQFLFEYFSETQRNKGNFPGRFSGRQFSNSRSEMNVSTLELGDSALYLCASSLSAGAFPYEQYFGPGTRLTVT","tgcgccagcagcttgtcggccggggcctttccctacgagcagtacttc","CASSLSAGAFPYEQYF","TRBV5-1","TRBD2","TRBJ2-7","tcggc","cctttc",1,8,3,2,"tgcgccagcagcttg","cgggg","cctacgagcagtacttc",0.00269129610373723,44,"","hs_trb_sim"
"16","aatgctggtgtcactcagaccccaaaattccaggtcctgaagacaggacagagcatgacactgcagtgtgcccaggatatgaaccatgaatacatgtcctggtatcgacaagacccaggcatggggctgaggctgattcattactcagttggtgctggtatcactgaccaaggagaagtccccaatggctacaatgtctccagatcaaccacagaggatttcccgctcaggctgctgtcggctgctccctcccagacatctgtgtacttctgtgccagcagttactcgagggggcctgaagctttctttggacaaggcaccagactcacagttgta","NAGVTQTPKFQVLKTGQSMTLQCAQDMNHEYMSWYRQDPGMGLRLIHYSVGAGITDQGEVPNGYNVSRSTTEDFPLRLLSAAPSQTSVYFCASSYSRGPEAFFGQGTRLTVV","tgtgccagcagttactcgagggggcctgaagctttcttt","CASSYSRGPEAFF","TRBV6-5","TRBD1","TRBJ1-1","g","ct",0,5,0,8,"tgtgccagcagttactc","agggggc","gaagctttc",0.00238546700103982,39,"","hs_trb_sim"
"17","gatggtggaatcactcagtccccaaagtacctgttcagaaaggaaggacagaatgtgaccctgagttgtgaacagaatttgaaccacgatgccatgtactggtaccgacaggacccagggcaagggctgagattgatctactactcacagatagtaaatgactttcagaaaggagatatagctgaagggtacagcgtctctcgggagaagaaggaatcctttcctctcactgtgacatcggcccaaaagaacccgacagctttctatctctgtgccagtagtatcgggcaacagccccagcattttggtgatgggactcgactctccatccta","DGGITQSPKYLFRKEGQNVTLSCEQNLNHDAMYWYRQDPGQGLRLIYYSQIVNDFQKGDIAEGYSVSREKKESFPLTVTSAQKNPTAFYLCASSIGQQPQHFGDGTRLSIL","tgtgccagtagtatcgggcaacagccccagcatttt","CASSIGQQPQHF","TRBV19","TRBD1","TRBJ1-5","c","aa",3,8,0,7,"tgtgccagtagtat","gggc","cagccccagcatttt",0.00214080371888189,35,"","hs_trb_sim"
"18","gatggtggaatcactcagtccccaaagtacctgttcagaaaggaaggacagaatgtgaccctgagttgtgaacagaatttgaaccacgatgccatgtactggtaccgacaggacccagggcaagggctgagattgatctactactcacagatagtaaatgactttcagaaaggagatatagctgaagggtacagcgtctctcgggagaagaaggaatcctttcctctcactgtgacatcggcccaaaagaacccgacagctttctatctctgtgccagtagggggactggggcgtacgagcagtacttcgggccgggcaccaggctcacggtcaca","DGGITQSPKYLFRKEGQNVTLSCEQNLNHDAMYWYRQDPGQGLRLIYYSQIVNDFQKGDIAEGYSVSREKKESFPLTVTSAQKNPTAFYLCASRGTGAYEQYFGPGTRLTVT","tgtgccagtagggggactggggcgtacgagcagtacttc","CASRGTGAYEQYF","TRBV19","TRBD1","TRBJ2-7","ggggact","g",6,7,0,4,"tgtgccagtag","ggggc","tacgagcagtacttc",0.00189614043672396,31,"","hs_trb_sim"
"19","gaagcccaagtgacccagaacccaagatacctcatcacagtgactggaaagaagttaacagtgacttgttctcagaatatgaaccatgagtatatgtcctggtatcgacaagacccagggctgggcttaaggcagatctactattcaatgaatgttgaggtgactgataagggagatgttcctgaagggtacaaagtctctcgaaaagagaagaggaatttccccctgatcctggagtcgcccagccccaaccagacctctctgtacttctgtgccagcagtttatcagcggggggtggctacaccttcggttcggggaccaggttaaccgttgta","EAQVTQNPRYLITVTGKKLTVTCSQNMNHEYMSWYRQDPGLGLRQIYYSMNVEVTDKGDVPEGYKVSRKEKRNFPLILESPSPNQTSLYFCASSLSAGGGYTFGSGTRLTVV","tgtgccagcagtttatcagcggggggtggctacaccttc","CASSLSAGGGYTF","TRBV27","TRBD2","TRBJ1-2","","",0,6,1,7,"tgtgccagcagtttatc","agcgggggg","tggctacaccttc",0.00171264297510551,28,"","hs_trb_sim"
"20","tctcagactattcatcaatggccagcgaccctggtgcagcctgtgggcagcccgctctctctggagtgcactgtggagggaacatcaaaccccaacctatactggtaccgacaggctgcaggcaggggcctccagctgctcttctactccgttggtattggccagatcagctctgaggtgccccagaatctctcagcctccagaccccaggaccggcagttcatcctgagttctaagaagctccttctcagtgactctggcttctatctctgtgcctggagtgtgagggacgagcagtacttcgggccgggcaccaggctcacggtcaca","SQTIHQWPATLVQPVGSPLSLECTVEGTSNPNLYWYRQAAGRGLQLLFYSVGIGQISSEVPQNLSASRPQDRQFILSSKKLLLSDSGFYLCAWSVRDEQYFGPGTRLTVT","tgtgcctggagtgtgagggacgagcagtacttc","CAWSVRDEQYF","TRBV30","","TRBJ2-7","","gaggg",0,0,0,5,"tgtgcctggagtgt","","acgagcagtacttc",0.00152914551348706,25,"","hs_trb_sim"
"21","aatgccggcgtcatgcagaacccaagacacctggtcaggaggaggggacaggaggcaagactgagatgcagcccaatgaaaggacacagtcatgtttactggtatcggcagctcccagaggaaggtctgaaattcatggtttatctccagaaagaaaatatcatagatgagtcaggaatgccaaaggaacgattttctgctgaatttcccaaagagggccccagcatcctgaggatccagcaggtagtgcgaggagattcggcagcttatttctgtgccagctcaccactcccgggacagggggcggctttctttggacaaggcaccagactcacagttgta","NAGVMQNPRHLVRRRGQEARLRCSPMKGHSHVYWYRQLPEEGLKFMVYLQKENIIDESGMPKERFSAEFPKEGPSILRIQQVVRGDSAAYFCASSPLPGQGAAFFGQGTRLTVV","tgtgccagctcaccactcccgggacagggggcggctttcttt","CASSPLPGQGAAFF","TRBV18","TRBD1","TRBJ1-1","tccc","g",1,0,0,11,"tgtgccagctcaccac","gggacagggggc","gctttcttt",0.0014068138724081,23,"","hs_trb_sim"
"22","gatggtggaatcactcagtccccaaagtacctgttcagaaaggaaggacagaatgtgaccctgagttgtgaacagaatttgaaccacgatgccatgtactggtaccgacaggacccagggcaagggctgagattgatctactactcacagatagtaaatgactttcagaaaggagatatagctgaagggtacagcgtctctcgggagaagaaggaatcctttcctctcactgtgacatcggcccaaaagaacccgacagctttctatctctgtgccagtagtatagaggaagacagggggcggcgctacgagcagtacttcgggccgggcaccaggctcacggtcaca","DGGITQSPKYLFRKEGQNVTLSCEQNLNHDAMYWYRQDPGQGLRLIYYSQIVNDFQKGDIAEGYSVSREKKESFPLTVTSAQKNPTAFYLCASSIEEDRGRRYEQYFGPGTRLTVT","tgtgccagtagtatagaggaagacagggggcggcgctacgagcagtacttc","CASSIEEDRGRRYEQYF","TRBV19","TRBD1","TRBJ2-7","ggaa","ggcg",0,2,0,3,"tgtgccagtagtataga","gacagggggc","ctacgagcagtacttc",0.00128448223132913,21,"","hs_trb_sim"
"23","aatgccggcgtcatgcagaacccaagacacctggtcaggaggaggggacaggaggcaagactgagatgcagcccaatgaaaggacacagtcatgtttactggtatcggcagctcccagaggaaggtctgaaattcatggtttatctccagaaagaaaatatcatagatgagtcaggaatgccaaaggaacgattttctgctgaatttcccaaagagggccccagcatcctgaggatccagcaggtagtgcgaggagattcggcagcttatttctgtgccagctcaccaccagcggggggggatacgcagtattttggcccaggcacccggctgacagtgctc","NAGVMQNPRHLVRRRGQEARLRCSPMKGHSHVYWYRQLPEEGLKFMVYLQKENIIDESGMPKERFSAEFPKEGPSILRIQQVVRGDSAAYFCASSPPAGGDTQYFGPGTRLTVL","tgtgccagctcaccaccagcggggggggatacgcagtatttt","CASSPPAGGDTQYF","TRBV18","TRBD2","TRBJ2-3","","ga",0,6,0,8,"tgtgccagctcaccacc","agcggggggg","tacgcagtatttt",0.00116215059025017,19,"","hs_trb_sim"
"24","gatgctagagtcacccagacaccaaggcacaaggtgacagagatgggacaagaagtaacaatgagatgtcagccaattttaggccacaatactgttttctggtacagacagaccatgatgcaaggactggagttgctggcttacttccgcaaccgggctcctctagatgattcggggatgccgaaggatcgattctcagcagagatgcctgatgcaactttagccactctgaagatccagccctcagaacccagggactcagctgtgtatttttgtgctagtggtttggtcatgggaggactggatacgcagtattttggcccaggcacccggctgacagtgctc","DARVTQTPRHKVTEMGQEVTMRCQPILGHNTVFWYRQTMMQGLELLAYFRNRAPLDDSGMPKDRFSAEMPDATLATLKIQPSEPRDSAVYFCASGLVMGGLDTQYFGPGTRLTVL","tgtgctagtggtttggtcatgggaggactggatacgcagtatttt","CASGLVMGGLDTQYF","TRBV12-5","TRBD2","TRBJ2-3","catggga","g",0,1,10,6,"tgtgctagtggtttggt","ggact","gatacgcagtatttt",0.0010398189491712,17,"","hs_trb_sim"
"25","gatggtggaatcactcagtccccaaagtacctgttcagaaaggaaggacagaatgtgaccctgagttgtgaacagaatttgaaccacgatgccatgtactggtaccgacaggacccagggcaagggctgagattgatctactactcacagatagtaaatgactttcagaaaggagatatagctgaagggtacagcgtctctcgggagaagaaggaatcctttcctctcactgtgacatcggcccaaaagaacccgacagctttctatctctgtgccagtatcggcgagccccagcattttggtgatgggactcgactctccatccta","DGGITQSPKYLFRKEGQNVTLSCEQNLNHDAMYWYRQDPGQGLRLIYYSQIVNDFQKGDIAEGYSVSREKKESFPLTVTSAQKNPTAFYLCASIGEPQHFGDGTRLSIL","tgtgccagtatcggcgagccccagcatttt","CASIGEPQHF","TRBV19","TRBD1","TRBJ1-5","tc","g",7,9,0,8,"tgtgccagta","ggc","agccccagcatttt",0.000978653128631721,16,"","hs_trb_sim"
"26","gacgctggagtcacccaaagtcccacacacctgatcaaaacgagaggacagcaagtgactctgagatgctctcctatctctgggcacaagagtgtgtcctggtaccaacaggtcctgggtcaggggccccagtttatctttcagtattatgagaaagaagagagaggaagaggaaacttccctgatcgattctcagctcgccagttccctaactatagctctgagctgaatgtgaacgccttgttgctgggggactcggccctgtatctctgtgccagcagcttgggaagcttcaacaccggggagctgttttttggagaaggctctaggctgaccgtactg","DAGVTQSPTHLIKTRGQQVTLRCSPISGHKSVSWYQQVLGQGPQFIFQYYEKEERGRGNFPDRFSARQFPNYSSELNVNALLLGDSALYLCASSLGSFNTGELFFGEGSRLTVL","tgtgccagcagcttgggaagcttcaacaccggggagctgtttttt","CASSLGSFNTGELFF","TRBV5-5","TRBD1","TRBJ2-2","ga","cttc",0,5,5,2,"tgtgccagcagcttgg","ag","aacaccggggagctgtttttt",0.000917487308092238,15,"","hs_trb_sim"
"27","gatggtggaatcactcagtccccaaagtacctgttcagaaaggaaggacagaatgtgaccctgagttgtgaacagaatttgaaccacgatgccatgtactggtaccgacaggacccagggcaagggctgagattgatctactactcacagatagtaaatgactttcagaaaggagatatagctgaagggtacagcgtctctcgggagaagaaggaatcctttcctctcactgtgacatcggcccaaaagaacccgacagctttctatctctgtgccagtagtatagatgccggggggtcctacgagcagtacttcgggccgggcaccaggctcacggtcaca","DGGITQSPKYLFRKEGQNVTLSCEQNLNHDAMYWYRQDPGQGLRLIYYSQIVNDFQKGDIAEGYSVSREKKESFPLTVTSAQKNPTAFYLCASSIDAGGSYEQYFGPGTRLTVT","tgtgccagtagtatagatgccggggggtcctacgagcagtacttc","CASSIDAGGSYEQYF","TRBV19","TRBD2","TRBJ2-7","tgcc","",0,9,1,1,"tgtgccagtagtataga","gggggg","tcctacgagcagtacttc",0.000856321487552755,14,"","hs_trb_sim"
"28","aaggctggagtcactcaaactccaagatatctgatcaaaacgagaggacagcaagtgacactgagctgctcccctatctctgggcataggagtgtatcctggtaccaacagaccccaggacagggccttcagttcctctttgaatacttcagtgagacacagagaaacaaaggaaacttccctggtcgattctcagggcgccagttctctaactctcgctctgagatgaatgtgagcaccttggagctgggggactcggccctttatctttgcgccagcagcttgggggacagggggcggggtcttaactatggctacaccttcggttcggggaccaggttaaccgttgta","KAGVTQTPRYLIKTRGQQVTLSCSPISGHRSVSWYQQTPGQGLQFLFEYFSETQRNKGNFPGRFSGRQFSNSRSEMNVSTLELGDSALYLCASSLGDRGRGLNYGYTFGSGTRLTVV","tgcgccagcagcttgggggacagggggcggggtcttaactatggctacaccttc","CASSLGDRGRGLNYGYTF","TRBV5-1","TRBD1","TRBJ1-2","","ggggtct",0,0,0,1,"tgcgccagcagcttgg","gggacagggggc","taactatggctacaccttc",0.000795155667013273,13,"","hs_trb_sim"
"29","agtgctgtcatctctcaaaagccaagcagggatatctgtcaacgtggaacctccctgacgatccagtgtcaagtcgatagccaagtcaccatgatgttctggtaccgtcagcaacctggacagagcctgacactgatcgcaactgcaaatcagggctctgaggccacatatgagagtggatttgtcattgacaagtttcccatcagccgcccaaacctaacattctcaactctgactgtgagcaacatgagccctgaagacagcagcatatatctctgcagcgttgaagagggggggggactagcggaggcctacaatgagcagttcttcgggccagggacacggctcaccgtgcta","SAVISQKPSRDICQRGTSLTIQCQVDSQVTMMFWYRQQPGQSLTLIATANQGSEATYESGFVIDKFPISRPNLTFSTLTVSNMSPEDSSIYLCSVEEGGGLAEAYNEQFFGPGTRLTVL","tgcagcgttgaagagggggggggactagcggaggcctacaatgagcagttcttc","CSVEEGGGLAEAYNEQFF","TRBV29-1","TRBD2","TRBJ2-1","gggggg","agg",0,0,5,2,"tgcagcgttgaaga","gggactagcgg","cctacaatgagcagttcttc",0.00073398984647379,12,"","hs_trb_sim"
"30","gatggtggaatcactcagtccccaaagtacctgttcagaaaggaaggacagaatgtgaccctgagttgtgaacagaatttgaaccacgatgccatgtactggtaccgacaggacccagggcaagggctgagattgatctactactcacagatagtaaatgactttcagaaaggagatatagctgaagggtacagcgtctctcgggagaagaaggaatcctttcctctcactgtgacatcggcccaaaagaacccgacagctttctatctctgtgccagtagtatagagggggggacagggggcgtgaagcagtacttcgggccgggcaccaggctcacggtcaca","DGGITQSPKYLFRKEGQNVTLSCEQNLNHDAMYWYRQDPGQGLRLIYYSQIVNDFQKGDIAEGYSVSREKKESFPLTVTSAQKNPTAFYLCASSIEGGTGGVKQYFGPGTRLTVT","tgtgccagtagtatagagggggggacagggggcgtgaagcagtacttc","CASSIEGGTGGVKQYF","TRBV19","TRBD1","TRBJ2-7","gggg","gtga",0,0,0,8,"tgtgccagtagtataga","gggacagggggc","agcagtacttc",0.000672824025934308,11,"","hs_trb_sim"
"31","aaggctggagtcactcaaactccaagatatctgatcaaaacgagaggacagcaagtgacactgagctgctcccctatctctgggcataggagtgtatcctggtaccaacagaccccaggacagggccttcagttcctctttgaatacttcagtgagacacagagaaacaaaggaaacttccctggtcgattctcagggcgccagttctctaactctcgctctgagatgaatgtgagcaccttggagctgggggactcggccctttatctttgcgccagcagcgagactagcggtgagcagttcttcgggccagggacacggctcaccgtgcta","KAGVTQTPRYLIKTRGQQVTLSCSPISGHRSVSWYQQTPGQGLQFLFEYFSETQRNKGNFPGRFSGRQFSNSRSEMNVSTLELGDSALYLCASSETSGEQFFGPGTRLTVL","tgcgccagcagcgagactagcggtgagcagttcttc","CASSETSGEQFF","TRBV5-1","TRBD2","TRBJ2-1","ga","",4,2,5,9,"tgcgccagcagc","gactagcgg","tgagcagttc",0.000611658205394825,10,"","hs_trb_sim"
"32","ggtgctggagtctcccagacccccagtaacaaggtcacagagaagggaaaatatgtagagctcaggtgtgatccaatttcaggtcatactgccctttactggtaccgacaaagcctggggcagggcccagagtttctaatttacttccaaggcacgggtgcggcagatgactcagggctgcccaacgatcggttctttgcagtcaggcctgagggatccgtctctactctgaagatccagcgcacagagcggggggactcagccgtgtatctctgtgccagcagcttaacgaccccccccactagcggggccgatacgcagtattttggcccaggcacccggctgacagtgctc","GAGVSQTPSNKVTEKGKYVELRCDPISGHTALYWYRQSLGQGPEFLIYFQGTGAADDSGLPNDRFFAVRPEGSVSTLKIQRTERGDSAVYLCASSLTTPPTSGADTQYFGPGTRLTVL","tgtgccagcagcttaacgaccccccccactagcggggccgatacgcagtatttt","CASSLTTPPTSGADTQYF","TRBV7-3","TRBD2","TRBJ2-3","gacccccccc","cc",0,3,3,6,"tgtgccagcagcttaac","actagcgggg","gatacgcagtatttt",0.000611658205394825,10,"","hs_trb_sim"
"33","agtgctgtcatctctcaaaagccaagcagggatatctgtcaacgtggaacctccctgacgatccagtgtcaagtcgatagccaagtcaccatgatgttctggtaccgtcagcaacctggacagagcctgacactgatcgcaactgcaaatcagggctctgaggccacatatgagagtggatttgtcattgacaagtttcccatcagccgcccaaacctaacattctcaactctgactgtgagcaacatgagccctgaagacagcagcatatatctctgcagcgttgccggagaatacgagcagtacttcgggccgggcaccaggctcacggtcaca","SAVISQKPSRDICQRGTSLTIQCQVDSQVTMMFWYRQQPGQSLTLIATANQGSEATYESGFVIDKFPISRPNLTFSTLTVSNMSPEDSSIYLCSVAGEYEQYFGPGTRLTVT","tgcagcgttgccggagaatacgagcagtacttc","CSVAGEYEQYF","TRBV29-1","TRBD1","TRBJ2-7","cc","agaa",4,8,2,4,"tgcagcgttg","gg","tacgagcagtacttc",0.000550492384855343,9,"","hs_trb_sim"
"34","ggtgctggagtctcccagacccccagtaacaaggtcacagagaagggaaaatatgtagagctcaggtgtgatccaatttcaggtcatactgccctttactggtaccgacaaagcctggggcagggcccagagtttctaatttacttccaaggcacgggtgcggcagatgactcagggctgcccaacgatcggttctttgcagtcaggcctgagggatccgtctctactctgaagatccagcgcacagagcggggggactcagccgtgtatctctgtgccaaagggactagtagctcctacaatgagcagttcttcgggccagggacacggctcaccgtgcta","GAGVSQTPSNKVTEKGKYVELRCDPISGHTALYWYRQSLGQGPEFLIYFQGTGAADDSGLPNDRFFAVRPEGSVSTLKIQRTERGDSAVYLCAKGTSSSYNEQFFGPGTRLTVL","tgtgccaaagggactagtagctcctacaatgagcagttcttc","CAKGTSSSYNEQFF","TRBV7-3","TRBD2","TRBJ2-1","aa","gtag",10,0,9,0,"tgtgcca","gggacta","ctcctacaatgagcagttcttc",0.000550492384855343,9,"","hs_trb_sim"
"35","aatgccggcgtcatgcagaacccaagacacctggtcaggaggaggggacaggaggcaagactgagatgcagcccaatgaaaggacacagtcatgtttactggtatcggcagctcccagaggaaggtctgaaattcatggtttatctccagaaagaaaatatcatagatgagtcaggaatgccaaaggaacgattttctgctgaatttcccaaagagggccccagcatcctgaggatccagcaggtagtgcgaggagattcggcagcttatttctgtgccagctcaccacggggccagggggacgagcagtacttcgggccgggcaccaggctcacggtcaca","NAGVMQNPRHLVRRRGQEARLRCSPMKGHSHVYWYRQLPEEGLKFMVYLQKENIIDESGMPKERFSAEFPKEGPSILRIQQVVRGDSAAYFCASSPRGQGDEQYFGPGTRLTVT","tgtgccagctcaccacggggccagggggacgagcagtacttc","CASSPRGQGDEQYF","TRBV18","TRBD1","TRBJ2-7","cggggc","",2,4,1,5,"tgtgccagctcacca","caggggg","acgagcagtacttc",0.00048932656431586,8,"","hs_trb_sim"
"36","gacactgaagttacccagacaccaaaacacctggtcatgggaatgacaaataagaagtctttgaaatgtgaacaacatatggggcacagggctatgtattggtacaagcagaaagctaagaagccaccggagctcatgtttgtctacagctatgagaaactctctataaatgaaagtgtgccaagtcgcttctcacctgaatgccccaacagctctctcttaaaccttcacctacacgccctgcagccagaagactcagccctgtatctctgcgccagcagccaagactactcgagctcctacgagcagtacttcgggccgggcaccaggctcacggtcaca","DTEVTQTPKHLVMGMTNKKSLKCEQHMGHRAMYWYKQKAKKPPELMFVYSYEKLSINESVPSRFSPECPNSSLLNLHLHALQPEDSALYLCASSQDYSSSYEQYFGPGTRLTVT","tgcgccagcagccaagactactcgagctcctacgagcagtacttc","CASSQDYSSSYEQYF","TRBV4-1","TRBD2","TRBJ2-7","","ctcgag",0,4,9,0,"tgcgccagcagccaaga","cta","ctcctacgagcagtacttc",0.00048932656431586,8,"","hs_trb_sim"
"37","aatgccggcgtcatgcagaacccaagacacctggtcaggaggaggggacaggaggcaagactgagatgcagcccaatgaaaggacacagtcatgtttactggtatcggcagctcccagaggaaggtctgaaattcatggtttatctccagaaagaaaatatcatagatgagtcaggaatgccaaaggaacgattttctgctgaatttcccaaagagggccccagcatcctgaggatccagcaggtagtgcgaggagattcggcagcttatttctgtgccagctcaccggggagggggacagggggccttagcaatcagccccagcattttggtgatgggactcgactctccatccta","NAGVMQNPRHLVRRRGQEARLRCSPMKGHSHVYWYRQLPEEGLKFMVYLQKENIIDESGMPKERFSAEFPKEGPSILRIQQVVRGDSAAYFCASSPGRGTGGLSNQPQHFGDGTRLSIL","tgtgccagctcaccggggagggggacagggggccttagcaatcagccccagcatttt","CASSPGRGTGGLSNQPQHF","TRBV18","TRBD1","TRBJ1-5","ggggagg","ct",3,0,0,0,"tgtgccagctcacc","gggacagggggc","tagcaatcagccccagcatttt",0.000428160743776378,7,"","hs_trb_sim"
"38","gatgccatggtcatccagaacccaagataccaggttacccagtttggaaagccagtgaccctgagttgttctcagactttgaaccataacgtcatgtactggtaccagcagaagtcaagtcaggccccaaagctgctgttccactactatgacaaagattttaacaatgaagcagacacccctgataacttccaatccaggaggccgaacacttctttctgctttcttgacatccgctcaccaggcctgggggacacagccatgtacctgtgtgccaccagcagagtgtgtagcggggggggtaatgaaaaactgttttttggcagtggaacccagctctctgtcttg","DAMVIQNPRYQVTQFGKPVTLSCSQTLNHNVMYWYQQKSSQAPKLLFHYYDKDFNNEADTPDNFQSRRPNTSFCFLDIRSPGLGDTAMYLCATSRVCSGGGNEKLFFGSGTQLSVL","tgtgccaccagcagagtgtgtagcggggggggtaatgaaaaactgtttttt","CATSRVCSGGGNEKLFF","TRBV15","TRBD2","TRBJ1-4","tgtgt","gg",1,6,1,4,"tgtgccaccagcagag","agcgggggg","taatgaaaaactgttt",0.000428160743776378,7,"","hs_trb_sim"
"39","aatgccggcgtcatgcagaacccaagacacctggtcaggaggaggggacaggaggcaagactgagatgcagcccaatgaaaggacacagtcatgtttactggtatcggcagctcccagaggaaggtctgaaattcatggtttatctccagaaagaaaatatcatagatgagtcaggaatgccaaaggaacgattttctgctgaatttcccaaagagggccccagcatcctgaggatccagcaggtagtgcgaggagattcggcagcttatttctgtgccagctcaccacctggggggggacagggcgaagctttctttggacaaggcaccagactcacagttgta","NAGVMQNPRHLVRRRGQEARLRCSPMKGHSHVYWYRQLPEEGLKFMVYLQKENIIDESGMPKERFSAEFPKEGPSILRIQQVVRGDSAAYFCASSPPGGGQGEAFFGQGTRLTVV","tgtgccagctcaccacctggggggggacagggcgaagctttcttt","CASSPPGGGQGEAFF","TRBV18","TRBD1","TRBJ1-1","tgggggg","c",0,1,3,8,"tgtgccagctcaccacc","ggacaggg","gaagctttc",0.000428160743776378,7,"","hs_trb_sim"
"40","aaggctggagtcactcaaactccaagatatctgatcaaaacgagaggacagcaagtgacactgagctgctcccctatctctgggcataggagtgtatcctggtaccaacagaccccaggacagggccttcagttcctctttgaatacttcagtgagacacagagaaacaaaggaaacttccctggtcgattctcagggcgccagttctctaactctcgctctgagatgaatgtgagcaccttggagctgggggactcggccctttatctttgcgccagcagcttgcgactagcgggggggtccagggaagagacccagtacttcgggccaggcacgcggctcctggtgctc","KAGVTQTPRYLIKTRGQQVTLSCSPISGHRSVSWYQQTPGQGLQFLFEYFSETQRNKGNFPGRFSGRQFSNSRSEMNVSTLELGDSALYLCASSLRLAGGSREETQYFGPGTRLLVL","tgcgccagcagcttgcgactagcgggggggtccagggaagagacccagtacttc","CASSLRLAGGSREETQYF","TRBV5-1","TRBD2","TRBJ2-5","c","tccaggg",1,2,0,3,"tgcgccagcagcttg","gactagcggggggg","aagagacccagtacttc",0.000366994923236895,6,"","hs_trb_sim"
"41","gatgccatggtcatccagaacccaagataccaggttacccagtttggaaagccagtgaccctgagttgttctcagactttgaaccataacgtcatgtactggtaccagcagaagtcaagtcaggccccaaagctgctgttccactactatgacaaagattttaacaatgaagcagacacccctgataacttccaatccaggaggccgaacacttctttctgctttcttgacatccgctcaccaggcctgggggacacagccatgtacctgtgtgccaccagcagagaggggggcttactagcggggggggcctacaatgagcagttcttcgggccagggacacggctcaccgtgcta","DAMVIQNPRYQVTQFGKPVTLSCSQTLNHNVMYWYQQKSSQAPKLLFHYYDKDFNNEADTPDNFQSRRPNTSFCFLDIRSPGLGDTAMYLCATSREGGLLAGGAYNEQFFGPGTRLTVL","tgtgccaccagcagagaggggggcttactagcggggggggcctacaatgagcagttcttc","CATSREGGLLAGGAYNEQFF","TRBV15","TRBD2","TRBJ2-1","ggggggctt","g",0,3,0,2,"tgtgccaccagcagaga","actagcggggggg","cctacaatgagcagttcttc",0.000366994923236895,6,"","hs_trb_sim"
"42","agtgctgtcatctctcaaaagccaagcagggatatctgtcaacgtggaacctccctgacgatccagtgtcaagtcgatagccaagtcaccatgatgttctggtaccgtcagcaacctggacagagcctgacactgatcgcaactgcaaatcagggctctgaggccacatatgagagtggatttgtcattgacaagtttcccatcagccgcccaaacctaacattctcaactctgactgtgagcaacatgagccctgaagacagcagcatatatctctgcagcgttgaagatatcccgggactagcggggggggcagatacgcagtattttggcccaggcacccggctgacagtgctc","SAVISQKPSRDICQRGTSLTIQCQVDSQVTMMFWYRQQPGQSLTLIATANQGSEATYESGFVIDKFPISRPNLTFSTLTVSNMSPEDSSIYLCSVEDIPGLAGGADTQYFGPGTRLTVL","tgcagcgttgaagatatcccgggactagcggggggggcagatacgcagtatttt","CSVEDIPGLAGGADTQYF","TRBV29-1","TRBD2","TRBJ2-3","tatccc","g",0,0,0,4,"tgcagcgttgaaga","gggactagcggggggg","cagatacgcagtatttt",0.000366994923236895,6,"","hs_trb_sim"
"43","gaacctgaagtcacccagactcccagccatcaggtcacacagatgggacaggaagtgatcttgcgctgtgtccccatctctaatcacttatacttctattggtacagacaaatcttggggcagaaagtcgagtttctggtttccttttataataatgaaatctcagagaagtctgaaatattcgatgatcaattctcagttgaaaggcctgatggatcaaatttcactctgaagatccggtccacaaagctggaggactcagccatgtacttctgtgccagcagtgaagcgaagggactagcggacccctcctacgagcagtacttcgggccgggcaccaggctcacggtcaca","EPEVTQTPSHQVTQMGQEVILRCVPISNHLYFYWYRQILGQKVEFLVSFYNNEISEKSEIFDDQFSVERPDGSNFTLKIRSTKLEDSAMYFCASSEAKGLADPSYEQYFGPGTRLTVT","tgtgccagcagtgaagcgaagggactagcggacccctcctacgagcagtacttc","CASSEAKGLADPSYEQYF","TRBV2","TRBD2","TRBJ2-7","gaa","accc",0,0,5,0,"tgtgccagcagtgaagc","gggactagcgg","ctcctacgagcagtacttc",0.000305829102697413,5,"","hs_trb_sim"
"44","gatggtggaatcactcagtccccaaagtacctgttcagaaaggaaggacagaatgtgaccctgagttgtgaacagaatttgaaccacgatgccatgtactggtaccgacaggacccagggcaagggctgagattgatctactactcacagatagtaaatgactttcagaaaggagatatagctgaagggtacagcgtctctcgggagaagaaggaatcctttcctctcactgtgacatcggcccaaaagaacccgacagctttctatctctgtgccagtagtatagatcgacaggggcctgagcagttcttcgggccagggacacggctcaccgtgcta","DGGITQSPKYLFRKEGQNVTLSCEQNLNHDAMYWYRQDPGQGLRLIYYSQIVNDFQKGDIAEGYSVSREKKESFPLTVTSAQKNPTAFYLCASSIDRQGPEQFFGPGTRLTVL","tgtgccagtagtatagatcgacaggggcctgagcagttcttc","CASSIDRQGPEQFF","TRBV19","TRBD1","TRBJ2-1","tc","cct",0,2,2,10,"tgtgccagtagtataga","gacagggg","gagcagttc",0.000305829102697413,5,"","hs_trb_sim"
"45","ggtgctggagtctcccagtcccctaggtacaaagtcgcaaagagaggacaggatgtagctctcaggtgtgatccaatttcgggtcatgtatcccttttttggtaccaacaggccctggggcaggggccagagtttctgacttatttccagaatgaagctcaactagacaaatcggggctgcccagtgatcgcttctttgcagaaaggcctgagggatccgtctccactctgaagatccagcgcacacagcaggaggactccgccgtgtatctctgtgccagcagctccaccgggcagcgggggggcacagatacgcagtattttggcccaggcacccggctgacagtgctc","GAGVSQSPRYKVAKRGQDVALRCDPISGHVSLFWYQQALGQGPEFLTYFQNEAQLDKSGLPSDRFFAERPEGSVSTLKIQRTQQEDSAVYLCASSSTGQRGGTDTQYFGPGTRLTVL","tgtgccagcagctccaccgggcagcgggggggcacagatacgcagtatttt","CASSSTGQRGGTDTQYF","TRBV7-8","TRBD2","TRBJ2-3","ccaccgggc","",4,6,0,2,"tgtgccagcagct","agcggggggg","cacagatacgcagtatttt",0.000305829102697413,5,"","hs_trb_sim"
"46","gatactggagtctcccagaaccccagacacaagatcacaaagaggggacagaatgtaactttcaggtgtgatccaatttctgaacacaaccgcctttattggtaccgacagaccctggggcagggcccagagtttctgacttacttccagaatgaagctcaactagaaaaatcaaggctgctcagtgatcggttctctgcagagaggcctaagggatctttctccaccttggagatccagcgcacagagcagggggactcggccatgtatctctgtgccagcagcttagcccttccggggggactagcggggagcacagatacgcagtattttggcccaggcacccggctgacagtgctc","DTGVSQNPRHKITKRGQNVTFRCDPISEHNRLYWYRQTLGQGPEFLTYFQNEAQLEKSRLLSDRFSAERPKGSFSTLEIQRTEQGDSAMYLCASSLALPGGLAGSTDTQYFGPGTRLTVL","tgtgccagcagcttagcccttccggggggactagcggggagcacagatacgcagtatttt","CASSLALPGGLAGSTDTQYF","TRBV7-9","TRBD2","TRBJ2-3","ccttccggg","gg",0,0,5,0,"tgtgccagcagcttagc","gggactagcgg","agcacagatacgcagtatttt",0.000305829102697413,5,"","hs_trb_sim"
"47","gatgctggaatcacccagagcccaagacacaaggtcacagagacaggaacaccagtgactctgagatgtcaccagactgagaaccaccgctatatgtactggtatcgacaagacccggggcatgggctgaggctgatccattactcatatggtgttaaagatactgacaaaggagaagtctcagatggctatagtgtctctagatcaaagacagaggatttcctcctcactctggagtccgctaccagctcccagacatctgtgtacttctgtgccatcagtgagtcttcagggggcgaggcctacaatgagcagttcttcgggccagggacacggctcaccgtgcta","DAGITQSPRHKVTETGTPVTLRCHQTENHRYMYWYRQDPGHGLRLIHYSYGVKDTDKGEVSDGYSVSRSKTEDFLLTLESATSSQTSVYFCAISESSGGEAYNEQFFGPGTRLTVL","tgtgccatcagtgagtcttcagggggcgaggcctacaatgagcagttcttc","CAISESSGGEAYNEQFF","TRBV10-3","TRBD1","TRBJ2-1","ttc","gagg",0,5,0,2,"tgtgccatcagtgagtc","agggggc","cctacaatgagcagttcttc",0.000305829102697413,5,"","hs_trb_sim"
"48","aatgctggtgtcactcagaccccaaaattccaggtcctgaagacaggacagagcatgacactgcagtgtgcccaggatatgaaccataactccatgtactggtatcgacaagacccaggcatgggactgaggctgatttattactcagcttctgagggtaccactgacaaaggagaagtccccaatggctacaatgtctccagattaaacaaacgggagttctcgctcaggctggagtcggctgctccctcccagacatctgtgtacttctgtgccagcagtgaagcagggagggggggggcctacgagcagtacttcgggccgggcaccaggctcacggtcaca","NAGVTQTPKFQVLKTGQSMTLQCAQDMNHNSMYWYRQDPGMGLRLIYYSASEGTTDKGEVPNGYNVSRLNKREFSLRLESAAPSQTSVYFCASSEAGRGGAYEQYFGPGTRLTVT","tgtgccagcagtgaagcagggagggggggggcctacgagcagtacttc","CASSEAGRGGAYEQYF","TRBV6-1","TRBD2","TRBJ2-7","agggaggg","",0,10,0,2,"tgtgccagcagtgaagc","gggggg","cctacgagcagtacttc",0.00024466328215793,4,"","hs_trb_sim"
"49","aatgctggtgtcactcagaccccaaaattccaggtcctgaagacaggacagagcatgacactgcagtgtgcccaggatatgaaccataactccatgtactggtatcgacaagacccaggcatgggactgaggctgatttattactcagcttctgagggtaccactgacaaaggagaagtccccaatggctacaatgtctccagattaaacaaacgggagttctcgctcaggctggagtcggctgctccctcccagacatctgtgtacttctgtgccagcagtgaagcgagggagtatacgcagtattttggcccaggcacccggctgacagtgctc","NAGVTQTPKFQVLKTGQSMTLQCAQDMNHNSMYWYRQDPGMGLRLIYYSASEGTTDKGEVPNGYNVSRLNKREFSLRLESAAPSQTSVYFCASSEAREYTQYFGPGTRLTVL","tgtgccagcagtgaagcgagggagtatacgcagtatttt","CASSEAREYTQYF","TRBV6-1","","TRBJ2-3","gaggga","gta",0,0,0,8,"tgtgccagcagtgaagc","","tacgcagtatttt",0.00024466328215793,4,"","hs_trb_sim"
"50","tctcagactattcatcaatggccagcgaccctggtgcagcctgtgggcagcccgctctctctggagtgcactgtggagggaacatcaaaccccaacctatactggtaccgacaggctgcaggcaggggcctccagctgctcttctactccgttggtattggccagatcagctctgaggtgccccagaatctctcagcctccagaccccaggaccggcagttcatcctgagttctaagaagctccttctcagtgactctggcttctatctctgtgcctggagtgtcgggggaaacaatgagcagttcttcgggccagggacacggctcaccgtgcta","SQTIHQWPATLVQPVGSPLSLECTVEGTSNPNLYWYRQAAGRGLQLLFYSVGIGQISSEVPQNLSASRPQDRQFILSSKKLLLSDSGFYLCAWSVGGNNEQFFGPGTRLTVL","tgtgcctggagtgtcgggggaaacaatgagcagttcttc","CAWSVGGNNEQFF","TRBV30","TRBD2","TRBJ2-1","","gaa",0,8,3,5,"tgtgcctggagtgt","cgggg","acaatgagcagttc",0.00024466328215793,4,"","hs_trb_sim"
"51","gaagctggagttgcccagtctcccagatataagattatagagaaaaggcagagtgtggctttttggtgcaatcctatatctggccatgctaccctttactggtaccagcagatcctgggacagggcccaaagcttctgattcagtttcagaataacggtgtagtggatgattcacagttgcctaaggatcgattttctgcagagaggctcaaaggagtagactccactctcaagatccagcctgcaaagcttgaggactcggccgtgtatctctgtgccagcagcttagagggcgaccaagagacccagtacttcgggccaggcacgcggctcctggtgctc","EAGVAQSPRYKIIEKRQSVAFWCNPISGHATLYWYQQILGQGPKLLIQFQNNGVVDDSQLPKDRFSAERLKGVDSTLKIQPAKLEDSAVYLCASSLEGDQETQYFGPGTRLLVL","tgtgccagcagcttagagggcgaccaagagacccagtacttc","CASSLEGDQETQYF","TRBV11-2","TRBD1","TRBJ2-5","gggc","",0,8,3,0,"tgtgccagcagcttaga","g","accaagagacccagtacttc",0.00024466328215793,4,"","hs_trb_sim"
"52","gaaacgggagttacgcagacaccaagacacctggtcatgggaatgacaaataagaagtctttgaaatgtgaacaacatctggggcataacgctatgtattggtacaagcaaagtgctaagaagccactggagctcatgtttgtctacaactttaaagaacagactgaaaacaacagtgtgccaagtcgcttctcacctgaatgccccaacagctctcacttattccttcacctacacaccctgcagccagaagactcggccctgtatctctgtgccagcagccaagatgggggaccatactcctacgagcagtacttcgggccgggcaccaggctcacggtcaca","ETGVTQTPRHLVMGMTNKKSLKCEQHLGHNAMYWYKQSAKKPLELMFVYNFKEQTENNSVPSRFSPECPNSSHLFLHLHTLQPEDSALYLCASSQDGGPYSYEQYFGPGTRLTVT","tgtgccagcagccaagatgggggaccatactcctacgagcagtacttc","CASSQDGGPYSYEQYF","TRBV4-2","","TRBJ2-7","tgggggaccata","",0,0,0,0,"tgtgccagcagccaaga","","ctcctacgagcagtacttc",0.00024466328215793,4,"","hs_trb_sim"
"53","ggtgctggagtctcccagtctcccaggtacaaagtcacaaagaggggacaggatgtagctctcaggtgtgatccaatttcgggtcatgtatccctttattggtaccgacaggccctggggcagggcccagagtttctgacttacttcaattatgaagcccaacaagacaaatcagggctgcccaatgatcggttctctgcagagaggcctgagggatccatctccactctgacgatccagcgcacagagcagcgggactcggccatgtatcgctgtgccagcagcttagcgagggggcgcggatacttcgggccgggcaccaggctcacggtcaca","GAGVSQSPRYKVTKRGQDVALRCDPISGHVSLYWYRQALGQGPEFLTYFNYEAQQDKSGLPNDRFSAERPEGSISTLTIQRTEQRDSAMYRCASSLARGRGYFGPGTRLTVT","tgtgccagcagcttagcgagggggcgcggatacttc","CASSLARGRGYF","TRBV7-6","TRBD1","TRBJ2-7","gagggggc","gga",0,10,0,13,"tgtgccagcagcttagc","gc","tacttc",0.00024466328215793,4,"","hs_trb_sim"
"54","gatgtgaaagtaacccagagctcgagatatctagtcaaaaggacgggagagaaagtttttctggaatgtgtccaggatatggaccatgaaaatatgttctggtatcgacaagacccaggtctggggctacggctgatctatttctcatatgatgttaaaatgaaagaaaaaggagatattcctgaggggtacagtgtctctagagagaagaaggagcgcttctccctgattctggagtccgccagcaccaaccagacatctatgtacctctgtgccagcaccggctcctacaatgagcagttcttcgggccagggacacggctcaccgtgcta","DVKVTQSSRYLVKRTGEKVFLECVQDMDHENMFWYRQDPGLGLRLIYFSYDVKMKEKGDIPEGYSVSREKKERFSLILESASTNQTSMYLCASTGSYNEQFFGPGTRLTVL","tgtgccagcaccggctcctacaatgagcagttcttc","CASTGSYNEQFF","TRBV28","","TRBJ2-1","ccg","g",7,0,0,0,"tgtgccagca","","ctcctacaatgagcagttc",0.000183497461618448,3,"","hs_trb_sim"
"55","gattctggagtcacacaaaccccaaagcacctgatcacagcaactggacagcgagtgacgctgagatgctcccctaggtctggagacctctctgtgtactggtaccaacagagcctggaccagggcctccagttcctcattcagtattataatggagaagagagagcaaaaggaaacattcttgaacgattctccgcacaacagttccctgacttgcactctgaactaaacctgagctctctggagctgggggactcagctttgtatttctgtgccagcagcgtagcccacgagcagtacttcgggccgggcaccaggctcacggtcaca","DSGVTQTPKHLITATGQRVTLRCSPRSGDLSVYWYQQSLDQGLQFLIQYYNGEERAKGNILERFSAQQFPDLHSELNLSSLELGDSALYFCASSVAHEQYFGPGTRLTVT","tgtgccagcagcgtagcccacgagcagtacttc","CASSVAHEQYF","TRBV9","","TRBJ2-7","c","cc",0,0,0,5,"tgtgccagcagcgtag","","acgagcagtacttc",0.000183497461618448,3,"","hs_trb_sim"
"56","gatgtgaaagtaacccagagctcgagatatctagtcaaaaggacgggagagaaagtttttctggaatgtgtccaggatatggaccatgaaaatatgttctggtatcgacaagacccaggtctggggctacggctgatctatttctcatatgatgttaaaatgaaagaaaaaggagatattcctgaggggtacagtgtctctagagagaagaaggagcgcttctccctgattctggagtccgccagcaccaaccagacatctatgtacctctgtgccagcagtttatgtctagggactagcgggggggccgtgaacactgaagctttctttggacaaggcaccagactcacagttgta","DVKVTQSSRYLVKRTGEKVFLECVQDMDHENMFWYRQDPGLGLRLIYFSYDVKMKEKGDIPEGYSVSREKKERFSLILESASTNQTSMYLCASSLCLGTSGGAVNTEAFFGQGTRLTVV","tgtgccagcagtttatgtctagggactagcgggggggccgtgaacactgaagctttcttt","CASSLCLGTSGGAVNTEAFF","TRBV28","TRBD2","TRBJ1-1","tcta","ccg",0,0,0,0,"tgtgccagcagtttatg","gggactagcggggggg","tgaacactgaagctttcttt",0.000183497461618448,3,"","hs_trb_sim"
"57","gctgctggagtcatccagtccccaagacatctgatcaaagaaaagagggaaacagccactctgaaatgctatcctatccctagacacgacactgtctactggtaccagcagggtccaggtcaggacccccagttcctcatttcgttttatgaaaagatgcagagcgataaaggaagcatccctgatcgattctcagctcaacagttcagtgactatcattctgaactgaacatgagctccttggagctgggggactcagccctgtacttctgtgccagcagcttagggggacagggggcctcctacgagcagtacttcgggccgggcaccaggctcacggtcaca","AAGVIQSPRHLIKEKRETATLKCYPIPRHDTVYWYQQGPGQDPQFLISFYEKMQSDKGSIPDRFSAQQFSDYHSELNMSSLELGDSALYFCASSLGGQGASYEQYFGPGTRLTVT","tgtgccagcagcttagggggacagggggcctcctacgagcagtacttc","CASSLGGQGASYEQYF","TRBV13","TRBD1","TRBJ2-7","","",0,0,0,0,"tgtgccagcagcttagg","gggacagggggc","ctcctacgagcagtacttc",0.000183497461618448,3,"","hs_trb_sim"
"58","gaaacgggagttacgcagacaccaagacacctggtcatgggaatgacaaataagaagtctttgaaatgtgaacaacatctggggcataacgctatgtattggtacaagcaaagtgctaagaagccactggagctcatgtttgtctacaactttaaagaacagactgaaaacaacagtgtgccaagtcgcttctcacctgaatgccccaacagctctcacttattccttcacctacacaccctgcagccagaagactcggccctgtatctctgtgccagcagccaaggggtgggacagggggctaatgaaaaactgttttttggcagtggaacccagctctctgtcttg","ETGVTQTPRHLVMGMTNKKSLKCEQHLGHNAMYWYKQSAKKPLELMFVYNFKEQTENNSVPSRFSPECPNSSHLFLHLHTLQPEDSALYLCASSQGVGQGANEKLFFGSGTQLSVL","tgtgccagcagccaaggggtgggacagggggctaatgaaaaactgtttttt","CASSQGVGQGANEKLFF","TRBV4-2","TRBD1","TRBJ1-4","aggggt","",3,0,0,4,"tgtgccagcagcca","gggacagggggc","taatgaaaaactgttt",0.000183497461618448,3,"","hs_trb_sim"
"59","gaagcccaagtgacccagaacccaagatacctcatcacagtgactggaaagaagttaacagtgacttgttctcagaatatgaaccatgagtatatgtcctggtatcgacaagacccagggctgggcttaaggcagatctactattcaatgaatgttgaggtgactgataagggagatgttcctgaagggtacaaagtctctcgaaaagagaagaggaatttccccctgatcctggagtcgcccagccccaaccagacctctctgtacttctgtgccagcagtttatctggggagacgggagagggctcctacgagcagtacttcgggccgggcaccaggctcacggtcaca","EAQVTQNPRYLITVTGKKLTVTCSQNMNHEYMSWYRQDPGLGLRQIYYSMNVEVTDKGDVPEGYKVSRKEKRNFPLILESPSPNQTSLYFCASSLSGETGEGSYEQYFGPGTRLTVT","tgtgccagcagtttatctggggagacgggagagggctcctacgagcagtacttc","CASSLSGETGEGSYEQYF","TRBV27","","TRBJ2-7","tggggagacg","ggagaggg",0,0,0,0,"tgtgccagcagtttatc","","ctcctacgagcagtacttc",0.000183497461618448,3,"","hs_trb_sim"
"60","gatactggagtctcccagaaccccagacacaagatcacaaagaggggacagaatgtaactttcaggtgtgatccaatttctgaacacaaccgcctttattggtaccgacagaccctggggcagggcccagagtttctgacttacttccagaatgaagctcaactagaaaaatcaaggctgctcagtgatcggttctctgcagagaggcctaagggatctttctccaccttggagatccagcgcacagagcagggggactcggccatgtatctctgtgccagcagcttagcgggggggggggccgatggctacaccttcggttcggggaccaggttaaccgttgta","DTGVSQNPRHKITKRGQNVTFRCDPISEHNRLYWYRQTLGQGPEFLTYFQNEAQLEKSRLLSDRFSAERPKGSFSTLEIQRTEQGDSAMYLCASSLAGGGADGYTFGSGTRLTVV","tgtgccagcagcttagcgggggggggggccgatggctacaccttc","CASSLAGGGADGYTF","TRBV7-9","TRBD1","TRBJ1-2","gggggg","cg",0,6,0,6,"tgtgccagcagcttagc","gggggc","atggctacaccttc",0.000183497461618448,3,"","hs_trb_sim"
"61","aaggctggagtcactcaaactccaagatatctgatcaaaacgagaggacagcaagtgacactgagctgctcccctatctctgggcataggagtgtatcctggtaccaacagaccccaggacagggccttcagttcctctttgaatacttcagtgagacacagagaaacaaaggaaacttccctggtcgattctcagggcgccagttctctaactctcgctctgagatgaatgtgagcaccttggagctgggggactcggccctttatctttgcgccagcagctggggctcctcctacgagcagtacttcgggccgggcaccaggctcacggtcaca","KAGVTQTPRYLIKTRGQQVTLSCSPISGHRSVSWYQQTPGQGLQFLFEYFSETQRNKGNFPGRFSGRQFSNSRSEMNVSTLELGDSALYLCASSWGSSYEQYFGPGTRLTVT","tgcgccagcagctggggctcctcctacgagcagtacttc","CASSWGSSYEQYF","TRBV5-1","","TRBJ2-7","ggggc","tc",3,0,0,0,"tgcgccagcagct","","ctcctacgagcagtacttc",0.000183497461618448,3,"","hs_trb_sim"
"62","gaacctgaagtcacccagactcccagccatcaggtcacacagatgggacaggaagtgatcttgcgctgtgtccccatctctaatcacttatacttctattggtacagacaaatcttggggcagaaagtcgagtttctggtttccttttataataatgaaatctcagagaagtctgaaatattcgatgatcaattctcagttgaaaggcctgatggatcaaatttcactctgaagatccggtccacaaagctggaggactcagccatgtacttctgtgccagcagtgaagtgggtagcaatcagccccagcattttggtgatgggactcgactctccatccta","EPEVTQTPSHQVTQMGQEVILRCVPISNHLYFYWYRQILGQKVEFLVSFYNNEISEKSEIFDDQFSVERPDGSNFTLKIRSTKLEDSAMYFCASSEVGSNQPQHFGDGTRLSIL","tgtgccagcagtgaagtgggtagcaatcagccccagcatttt","CASSEVGSNQPQHF","TRBV2","","TRBJ1-5","t","ggg",1,0,0,0,"tgtgccagcagtgaag","","tagcaatcagccccagcatttt",0.000183497461618448,3,"","hs_trb_sim"
"63","gacactgaagttacccagacaccaaaacacctggtcatgggaatgacaaataagaagtctttgaaatgtgaacaacatatggggcacagggctatgtattggtacaagcagaaagctaagaagccaccggagctcatgtttgtctacagctatgagaaactctctataaatgaaagtgtgccaagtcgcttctcacctgaatgccccaacagctctctcttaaaccttcacctacacgccctgcagccagaagactcagccctgtatctctgcgccagcagccaagagaagagggaccaagagacccagtacttcgggccaggcacgcggctcctggtgctc","DTEVTQTPKHLVMGMTNKKSLKCEQHMGHRAMYWYKQKAKKPPELMFVYSYEKLSINESVPSRFSPECPNSSLLNLHLHALQPEDSALYLCASSQEKRDQETQYFGPGTRLLVL","tgcgccagcagccaagagaagagggaccaagagacccagtacttc","CASSQEKRDQETQYF","TRBV4-1","TRBD1","TRBJ2-5","gaagaggg","c",0,5,6,2,"tgcgccagcagccaaga","a","caagagacccagtacttc",0.000183497461618448,3,"","hs_trb_sim"
"64","aatgctggtgtcactcagaccccaaaattccaggtcctgaagacaggacagagcatgacactgcagtgtgcccaggatatgaaccatgaatacatgtcctggtatcgacaagacccaggcatggggctgaggctgattcattactcagttggtgctggtatcactgaccaaggagaagtccccaatggctacaatgtctccagatcaaccacagaggatttcccgctcaggctgctgtcggctgctccctcccagacatctgtgtacttctgtgccagcagttactctcgggggacagggggctcccatgagcagttcttcgggccagggacacggctcaccgtgcta","NAGVTQTPKFQVLKTGQSMTLQCAQDMNHEYMSWYRQDPGMGLRLIHYSVGAGITDQGEVPNGYNVSRSTTEDFPLRLLSAAPSQTSVYFCASSYSRGTGGSHEQFFGPGTRLTVL","tgtgccagcagttactctcgggggacagggggctcccatgagcagttcttc","CASSYSRGTGGSHEQFF","TRBV6-5","TRBD1","TRBJ2-1","tcgg","tccc",0,0,0,8,"tgtgccagcagttactc","gggacagggggc","atgagcagttc",0.000122331641078965,2,"","hs_trb_sim"
"65","tctcagactattcatcaatggccagcgaccctggtgcagcctgtgggcagcccgctctctctggagtgcactgtggagggaacatcaaaccccaacctatactggtaccgacaggctgcaggcaggggcctccagctgctcttctactccgttggtattggccagatcagctctgaggtgccccagaatctctcagcctccagaccccaggaccggcagttcatcctgagttctaagaagctccttctcagtgactctggcttctatctctgtgcctggagtgtaggcgggcctcaagagacccagtacttcgggccaggcacgcggctcctggtgctc","SQTIHQWPATLVQPVGSPLSLECTVEGTSNPNLYWYRQAAGRGLQLLFYSVGIGQISSEVPQNLSASRPQDRQFILSSKKLLLSDSGFYLCAWSVGGPQETQYFGPGTRLLVL","tgtgcctggagtgtaggcgggcctcaagagacccagtacttc","CAWSVGGPQETQYF","TRBV30","TRBD2","TRBJ2-5","ag","cct",0,7,4,2,"tgtgcctggagtgt","gcggg","caagagacccagtacttc",0.000122331641078965,2,"","hs_trb_sim"
"66","gattctggagtcacacaaaccccaaagcacctgatcacagcaactggacagcgagtgacgctgagatgctcccctaggtctggagacctctctgtgtactggtaccaacagagcctggaccagggcctccagttcctcattcagtattataatggagaagagagagcaaaaggaaacattcttgaacgattctccgcacaacagttccctgacttgcactctgaactaaacctgagctctctggagctgggggactcagctttgtatttctgtgccagcagcgtaggggggggggcctcctacaatgagcagttcttcgggccagggacacggctcaccgtgcta","DSGVTQTPKHLITATGQRVTLRCSPRSGDLSVYWYQQSLDQGLQFLIQYYNGEERAKGNILERFSAQQFPDLHSELNLSSLELGDSALYFCASSVGGGASYNEQFFGPGTRLTVL","tgtgccagcagcgtaggggggggggcctcctacaatgagcagttcttc","CASSVGGGASYNEQFF","TRBV9","TRBD2","TRBJ2-1","gggg","ggc",1,12,0,0,"tgtgccagcagcgta","gggg","ctcctacaatgagcagttc",0.000122331641078965,2,"","hs_trb_sim"
"67","gacgctggagtcacccaaagtcccacacacctgatcaaaacgagaggacagcaagtgactctgagatgctctcctatctctgggcacaagagtgtgtcctggtaccaacaggtcctgggtcaggggccccagtttatctttcagtattatgagaaagaagagagaggaagaggaaacttccctgatcgattctcagctcgccagttccctaactatagctctgagctgaatgtgaacgccttgttgctgggggactcggccctgtatctctgtgccagcagcttgtgcggggggggcccctacgagcagtacttcgggccgggcaccaggctcacggtcaca","DAGVTQSPTHLIKTRGQQVTLRCSPISGHKSVSWYQQVLGQGPQFIFQYYEKEERGRGNFPDRFSARQFPNYSSELNVNALLLGDSALYLCASSLCGGGPYEQYFGPGTRLTVT","tgtgccagcagcttgtgcggggggggcccctacgagcagtacttc","CASSLCGGGPYEQYF","TRBV5-5","TRBD2","TRBJ2-7","tg","gcccc",1,8,0,4,"tgtgccagcagcttg","cggggggg","tacgagcagtacttc",0.000122331641078965,2,"","hs_trb_sim"
"68","gaagctggagttgcccagtctcccagatataagattatagagaaaaggcagagtgtggctttttggtgcaatcctatatctggccatgctaccctttactggtaccagcagatcctgggacagggcccaaagcttctgattcagtttcagaataacggtgtagtggatgattcacagttgcctaaggatcgattttctgcagagaggctcaaaggagtagactccactctcaagatccagcctgcaaagcttgaggactcggccgtgtatctctgtgccagcagtgagggggtagcgggggggcgggggtacgagcagtacttcgggccgggcaccaggctcacggtcaca","EAGVAQSPRYKIIEKRQSVAFWCNPISGHATLYWYQQILGQGPKLLIQFQNNGVVDDSQLPKDRFSAERLKGVDSTLKIQPAKLEDSAVYLCASSEGVAGGRGYEQYFGPGTRLTVT","tgtgccagcagtgagggggtagcgggggggcgggggtacgagcagtacttc","CASSEGVAGGRGYEQYF","TRBV11-2","TRBD2","TRBJ2-7","tgaggggg","cggggg",6,5,0,4,"tgtgccagcag","tagcggggggg","tacgagcagtacttc",0.000122331641078965,2,"","hs_trb_sim"
"69","attgctgggatcacccaggcaccaacatctcagatcctggcagcaggacggcgcatgacactgagatgtacccaggatatgagacataatgccatgtactggtatagacaagatctaggactggggctaaggctcatccattattcaaatactgcaggtaccactggcaaaggagaagtccctgatggttatagtgtctccagagcaaacacagatgatttccccctcacgttggcgtctgctgtaccctctcagacatctgtgtacttctgtgccagcagtgaccttaacactgaagctttctttggacaaggcaccagactcacagttgta","IAGITQAPTSQILAAGRRMTLRCTQDMRHNAMYWYRQDLGLGLRLIHYSNTAGTTGKGEVPDGYSVSRANTDDFPLTLASAVPSQTSVYFCASSDLNTEAFFGQGTRLTVV","tgtgccagcagtgaccttaacactgaagctttcttt","CASSDLNTEAFF","TRBV6-4","","TRBJ1-1","","ctt",2,0,0,2,"tgtgccagcagtgac","","aacactgaagctttc",0.000122331641078965,2,"","hs_trb_sim"
"70","catgccaaagtcacacagactccaggacatttggtcaaaggaaaaggacagaaaacaaagatggattgtacccccgaaaaaggacatacttttgtttattggtatcaacagaatcagaataaagagtttatgcttttgatttcctttcagaatgaacaagttcttcaagaaacggagatgcacaagaagcgattctcatctcaatgccccaagaacgcaccctgcagcctggcaatcctgtcctcagaaccgggagacacggcactgtatctctgcgccagcagtcaatctgggggggggacagggggcagcacagatacgcagtattttggcccaggcacccggctgacagtgctc","HAKVTQTPGHLVKGKGQKTKMDCTPEKGHTFVYWYQQNQNKEFMLLISFQNEQVLQETEMHKKRFSSQCPKNAPCSLAILSSEPGDTALYLCASSQSGGGTGGSTDTQYFGPGTRLTVL","tgcgccagcagtcaatctgggggggggacagggggcagcacagatacgcagtatttt","CASSQSGGGTGGSTDTQYF","TRBV23-1","TRBD1","TRBJ2-3","tgggggg","",0,0,0,0,"tgcgccagcagtcaatc","gggacagggggc","agcacagatacgcagtatttt",0.000122331641078965,2,"","hs_trb_sim"
"71","gaagcccaagtgacccagaacccaagatacctcatcacagtgactggaaagaagttaacagtgacttgttctcagaatatgaaccatgagtatatgtcctggtatcgacaagacccagggctgggcttaaggcagatctactattcaatgaatgttgaggtgactgataagggagatgttcctgaagggtacaaagtctctcgaaaagagaagaggaatttccccctgatcctggagtcgcccagccccaaccagacctctctgtacttctgtgccagcagtttatcctggccgggggggaggaacaatgagcagttcttcgggccagggacacggctcaccgtgcta","EAQVTQNPRYLITVTGKKLTVTCSQNMNHEYMSWYRQDPGLGLRQIYYSMNVEVTDKGDVPEGYKVSRKEKRNFPLILESPSPNQTSLYFCASSLSWPGGRNNEQFFGPGTRLTVL","tgtgccagcagtttatcctggccgggggggaggaacaatgagcagttcttc","CASSLSWPGGRNNEQFF","TRBV27","TRBD2","TRBJ2-1","ctggc","agga",0,8,0,5,"tgtgccagcagtttatc","cggggggg","acaatgagcagttcttc",0.000122331641078965,2,"","hs_trb_sim"
"72","gacgctggagtcacccaaagtcccacacacctgatcaaaacgagaggacagcaagtgactctgagatgctctcctaagtctgggcatgacactgtgtcctggtaccaacaggccctgggtcaggggccccagtttatctttcagtattatgaggaggaagagagacagagaggcaacttccctgatcgattctcaggtcaccagttccctaactatagctctgagctgaatgtgaacgccttgttgctgggggactcggccctctatctctgtgccagcagcttggaactagcgggggggcagcagtacttcgggccgggcaccaggctcacggtcaca","DAGVTQSPTHLIKTRGQQVTLRCSPKSGHDTVSWYQQALGQGPQFIFQYYEEEERQRGNFPDRFSGHQFPNYSSELNVNALLLGDSALYLCASSLELAGGQQYFGPGTRLTVT","tgtgccagcagcttggaactagcgggggggcagcagtacttc","CASSLELAGGQQYF","TRBV5-6","TRBD2","TRBJ2-7","a","c",0,3,0,8,"tgtgccagcagcttgg","actagcggggggg","agcagtacttc",0.000122331641078965,2,"","hs_trb_sim"
"73","gatactggagtctcccagaaccccagacacaagatcacaaagaggggacagaatgtaactttcaggtgtgatccaatttctgaacacaaccgcctttattggtaccgacagaccctggggcagggcccagagtttctgacttacttccagaatgaagctcaactagaaaaatcaaggctgctcagtgatcggttctctgcagagaggcctaagggatctttctccaccttggagatccagcgcacagagcagggggactcggccatgtatctctgtgccagcagcttagcgcagggctacaccttcggttcggggaccaggttaaccgttgta","DTGVSQNPRHKITKRGQNVTFRCDPISEHNRLYWYRQTLGQGPEFLTYFQNEAQLEKSRLLSDRFSAERPKGSFSTLEIQRTEQGDSAMYLCASSLAQGYTFGSGTRLTVV","tgtgccagcagcttagcgcagggctacaccttc","CASSLAQGYTF","TRBV7-9","","TRBJ1-2","g","cagg",0,0,0,9,"tgtgccagcagcttagc","","gctacaccttc",0.000122331641078965,2,"","hs_trb_sim"
"74","attgctgggatcacccaggcaccaacatctcagatcctggcagcaggacggcgcatgacactgagatgtacccaggatatgagacataatgccatgtactggtatagacaagatctaggactggggctaaggctcatccattattcaaatactgcaggtaccactggcaaaggagaagtccctgatggttatagtgtctccagagcaaacacagatgatttccccctcacgttggcgtctgctgtaccctctcagacatctgtgtacttctgtgccagcagtgactcctttccctacaatgagcagttcttcgggccagggacacggctcaccgtgcta","IAGITQAPTSQILAAGRRMTLRCTQDMRHNAMYWYRQDLGLGLRLIHYSNTAGTTGKGEVPDGYSVSRANTDDFPLTLASAVPSQTSVYFCASSDSFPYNEQFFGPGTRLTVL","tgtgccagcagtgactcctttccctacaatgagcagttcttc","CASSDSFPYNEQFF","TRBV6-4","TRBD1","TRBJ2-1","","tttc",0,4,7,2,"tgtgccagcagtgactc","c","cctacaatgagcagttcttc",0.000122331641078965,2,"","hs_trb_sim"
"75","gaacctgaagtcacccagactcccagccatcaggtcacacagatgggacaggaagtgatcttgcgctgtgtccccatctctaatcacttatacttctattggtacagacaaatcttggggcagaaagtcgagtttctggtttccttttataataatgaaatctcagagaagtctgaaatattcgatgatcaattctcagttgaaaggcctgatggatcaaatttcactctgaagatccggtccacaaagctggaggactcagccatgtacttctgtgccagcagtgaagctacagggggccctcagcagtacttcgggccgggcaccaggctcacggtcaca","EPEVTQTPSHQVTQMGQEVILRCVPISNHLYFYWYRQILGQKVEFLVSFYNNEISEKSEIFDDQFSVERPDGSNFTLKIRSTKLEDSAMYFCASSEATGGPQQYFGPGTRLTVT","tgtgccagcagtgaagctacagggggccctcagcagtacttc","CASSEATGGPQQYF","TRBV2","TRBD1","TRBJ2-7","t","cctc",0,3,0,8,"tgtgccagcagtgaagc","acagggggc","agcagtacttc",0.000122331641078965,2,"","hs_trb_sim"
"76","gaagctggagttgcccagtctcccagatataagattatagagaaaaggcagagtgtggctttttggtgcaatcctatatctggccatgctaccctttactggtaccagcagatcctgggacagggcccaaagcttctgattcagtttcagaataacggtgtagtggatgattcacagttgcctaaggatcgattttctgcagagaggctcaaaggagtagactccactctcaagatccagcctgcaaagcttgaggactcggccgtgtatctctgtgccagcagcttagagaggagggagactaactatggctacaccttcggttcggggaccaggttaaccgttgta","EAGVAQSPRYKIIEKRQSVAFWCNPISGHATLYWYQQILGQGPKLLIQFQNNGVVDDSQLPKDRFSAERLKGVDSTLKIQPAKLEDSAVYLCASSLERRETNYGYTFGSGTRLTVV","tgtgccagcagcttagagaggagggagactaactatggctacaccttc","CASSLERRETNYGYTF","TRBV11-2","TRBD2","TRBJ1-2","gagg","ggaga",0,6,8,0,"tgtgccagcagcttaga","ag","ctaactatggctacaccttc",0.000122331641078965,2,"","hs_trb_sim"
"77","gaagcccaagtgacccagaacccaagatacctcatcacagtgactggaaagaagttaacagtgacttgttctcagaatatgaaccatgagtatatgtcctggtatcgacaagacccagggctgggcttaaggcagatctactattcaatgaatgttgaggtgactgataagggagatgttcctgaagggtacaaagtctctcgaaaagagaagaggaatttccccctgatcctggagtcgcccagccccaaccagacctctctgtacttctgtgccagcagtttgggtgaagctttctttggacaaggcaccagactcacagttgta","EAQVTQNPRYLITVTGKKLTVTCSQNMNHEYMSWYRQDPGLGLRQIYYSMNVEVTDKGDVPEGYKVSRKEKRNFPLILESPSPNQTSLYFCASSLGEAFFGQGTRLTVV","tgtgccagcagtttgggtgaagctttcttt","CASSLGEAFF","TRBV27","","TRBJ1-1","gg","gt",3,0,0,8,"tgtgccagcagttt","","gaagctttc",0.000122331641078965,2,"","hs_trb_sim"
"78","gagactggagtcacccaaagtcccacacacctgatcaaaacgagaggacagcaagtgactctgagatgctcttctcagtctgggcacaacactgtgtcctggtaccaacaggccctgggtcaggggccccagtttatctttcagtattatagggaggaagagaatggcagaggaaacttccctcctagattctcaggtctccagttccctaattatagctctgagctgaatgtgaacgccttggagctggacgactcggccctgtatctctgtgccagcagcttagggcccggcaatgagcagttcttcgggccagggacacggctcaccgtgcta","ETGVTQSPTHLIKTRGQQVTLRCSSQSGHNTVSWYQQALGQGPQFIFQYYREEENGRGNFPPRFSGLQFPNYSSELNVNALELDDSALYLCASSLGPGNEQFFGPGTRLTVL","tgtgccagcagcttagggcccggcaatgagcagttcttc","CASSLGPGNEQFF","TRBV5-4","","TRBJ2-1","agggc","ccgg",2,0,0,6,"tgtgccagcagctt","","caatgagcagttc",0.000122331641078965,2,"","hs_trb_sim"
"79","gatactggagtctcccagaaccccagacacaagatcacaaagaggggacagaatgtaactttcaggtgtgatccaatttctgaacacaaccgcctttattggtaccgacagaccctggggcagggcccagagtttctgacttacttccagaatgaagctcaactagaaaaatcaaggctgctcagtgatcggttctctgcagagaggcctaagggatctttctccaccttggagatccagcgcacagagcagggggactcggccatgtatctctgtgccagcagcttagcatcctggagcacagatacgcagtattttggcccaggcacccggctgacagtgctc","DTGVSQNPRHKITKRGQNVTFRCDPISEHNRLYWYRQTLGQGPEFLTYFQNEAQLEKSRLLSDRFSAERPKGSFSTLEIQRTEQGDSAMYLCASSLASWSTDTQYFGPGTRLTVL","tgtgccagcagcttagcatcctggagcacagatacgcagtatttt","CASSLASWSTDTQYF","TRBV7-9","","TRBJ2-3","atcct","gg",0,0,0,0,"tgtgccagcagcttagc","","agcacagatacgcagtatttt",0.000122331641078965,2,"","hs_trb_sim"
"80","gaagctggagttgcccagtctcccagatataagattatagagaaaaggcagagtgtggctttttggtgcaatcctatatctggccatgctaccctttactggtaccagcagatcctgggacagggcccaaagcttctgattcagtttcagaataacggtgtagtggatgattcacagttgcctaaggatcgattttctgcagagaggctcaaaggagtagactccactctcaagatccagcctgcaaagcttgaggactcggccgtgtatctctgtgccagcagcttagaggggatgggggatggggcagggacgttctcctacaatgagcagttcttcgggccagggacacggctcaccgtgcta","EAGVAQSPRYKIIEKRQSVAFWCNPISGHATLYWYQQILGQGPKLLIQFQNNGVVDDSQLPKDRFSAERLKGVDSTLKIQPAKLEDSAVYLCASSLEGMGDGAGTFSYNEQFFGPGTRLTVL","tgtgccagcagcttagaggggatgggggatggggcagggacgttctcctacaatgagcagttcttc","CASSLEGMGDGAGTFSYNEQFF","TRBV11-2","","TRBJ2-1","ggggatgggggatggg","gcagggacgtt",0,0,0,0,"tgtgccagcagcttaga","","ctcctacaatgagcagttc",0.000122331641078965,2,"","hs_trb_sim"
"81","gatgtgaaagtaacccagagctcgagatatctagtcaaaaggacgggagagaaagtttttctggaatgtgtccaggatatggaccatgaaaatatgttctggtatcgacaagacccaggtctggggctacggctgatctatttctcatatgatgttaaaatgaaagaaaaaggagatattcctgaggggtacagtgtctctagagagaagaaggagcgcttctccctgattctggagtccgccagcaccaaccagacatctatgtacctctgtgccagcagtttatggtgcgctgggacagggggcactaatgaaaaactgttttttggcagtggaacccagctctctgtcttg","DVKVTQSSRYLVKRTGEKVFLECVQDMDHENMFWYRQDPGLGLRLIYFSYDVKMKEKGDIPEGYSVSREKKERFSLILESASTNQTSMYLCASSLWCAGTGGTNEKLFFGSGTQLSVL","tgtgccagcagtttatggtgcgctgggacagggggcactaatgaaaaactgtttttt","CASSLWCAGTGGTNEKLFF","TRBV28","TRBD1","TRBJ1-4","gtgcgct","",0,0,0,2,"tgtgccagcagtttatg","gggacagggggc","actaatgaaaaactgttt",0.000122331641078965,2,"","hs_trb_sim"
"82","aatgctggtgtcactcagaccccaaaattccaggtcctgaagacaggacagagcatgacactgcagtgtgcccaggatatgaaccataactccatgtactggtatcgacaagacccaggcatgggactgaggctgatttattactcagcttctgagggtaccactgacaaaggagaagtccccaatggctacaatgtctccagattaaacaaacgggagttctcgctcaggctggagtcggctgctccctcccagacatctgtgtacttctgtgccagcacgagagtctacaatgagcagttcttcgggccagggacacggctcaccgtgcta","NAGVTQTPKFQVLKTGQSMTLQCAQDMNHNSMYWYRQDPGMGLRLIYYSASEGTTDKGEVPNGYNVSRLNKREFSLRLESAAPSQTSVYFCASTRVYNEQFFGPGTRLTVL","tgtgccagcacgagagtctacaatgagcagttcttc","CASTRVYNEQFF","TRBV6-1","","TRBJ2-1","cgaga","gt",7,0,0,3,"tgtgccagca","","ctacaatgagcagttcttc",6.11658205394825e-05,1,"","hs_trb_sim"
"83","gattctggagtcacacaaaccccaaagcacctgatcacagcaactggacagcgagtgacgctgagatgctcccctaggtctggagacctctctgtgtactggtaccaacagagcctggaccagggcctccagttcctcattcagtattataatggagaagagagagcaaaaggaaacattcttgaacgattctccgcacaacagttccctgacttgcactctgaactaaacctgagctctctggagctgggggactcagctttgtatttctgtgccagcagcgtagggactagcggggaccaagagacccagtacttcgggccaggcacgcggctcctggtgctc","DSGVTQTPKHLITATGQRVTLRCSPRSGDLSVYWYQQSLDQGLQFLIQYYNGEERAKGNILERFSAQQFPDLHSELNLSSLELGDSALYFCASSVGTSGDQETQYFGPGTRLLVL","tgtgccagcagcgtagggactagcggggaccaagagacccagtacttc","CASSVGTSGDQETQYF","TRBV9","TRBD2","TRBJ2-5","gg","",0,3,3,0,"tgtgccagcagcgtag","actagcgggg","accaagagacccagtacttc",6.11658205394825e-05,1,"","hs_trb_sim"
"84","gatactggagtctcccagaaccccagacacaagatcacaaagaggggacagaatgtaactttcaggtgtgatccaatttctgaacacaaccgcctttattggtaccgacagaccctggggcagggcccagagtttctgacttacttccagaatgaagctcaactagaaaaatcaaggctgctcagtgatcggttctctgcagagaggcctaagggatctttctccaccttggagatccagcgcacagagcagggggactcggccatgtatctctgtgccagcagcttagcctcttacaatgagcagttcttcgggccagggacacggctcaccgtgcta","DTGVSQNPRHKITKRGQNVTFRCDPISEHNRLYWYRQTLGQGPEFLTYFQNEAQLEKSRLLSDRFSAERPKGSFSTLEIQRTEQGDSAMYLCASSLASYNEQFFGPGTRLTVL","tgtgccagcagcttagcctcttacaatgagcagttcttc","CASSLASYNEQFF","TRBV7-9","","TRBJ2-1","ctc","t",0,0,0,4,"tgtgccagcagcttagc","","tacaatgagcagttcttc",6.11658205394825e-05,1,"","hs_trb_sim"
"85","gatgtgaaagtaacccagagctcgagatatctagtcaaaaggacgggagagaaagtttttctggaatgtgtccaggatatggaccatgaaaatatgttctggtatcgacaagacccaggtctggggctacggctgatctatttctcatatgatgttaaaatgaaagaaaaaggagatattcctgaggggtacagtgtctctagagagaagaaggagcgcttctccctgattctggagtccgccagcaccaaccagacatctatgtacctctgtgccagcagtttatggaggggacgcccctacaatgagcagttcttcgggccagggacacggctcaccgtgcta","DVKVTQSSRYLVKRTGEKVFLECVQDMDHENMFWYRQDPGLGLRLIYFSYDVKMKEKGDIPEGYSVSREKKERFSLILESASTNQTSMYLCASSLWRGRPYNEQFFGPGTRLTVL","tgtgccagcagtttatggaggggacgcccctacaatgagcagttcttc","CASSLWRGRPYNEQFF","TRBV28","","TRBJ2-1","gagg","ggacgcccct",0,0,0,5,"tgtgccagcagtttatg","","acaatgagcagttcttc",6.11658205394825e-05,1,"","hs_trb_sim"
"86","gaagcccaagtgacccagaacccaagatacctcatcacagtgactggaaagaagttaacagtgacttgttctcagaatatgaaccatgagtatatgtcctggtatcgacaagacccagggctgggcttaaggcagatctactattcaatgaatgttgaggtgactgataagggagatgttcctgaagggtacaaagtctctcgaaaagagaagaggaatttccccctgatcctggagtcgcccagccccaaccagacctctctgtacttctgtgccagcagtttaaacggggggggacagggggcgtcccagttcttcgggccagggacacggctcaccgtgcta","EAQVTQNPRYLITVTGKKLTVTCSQNMNHEYMSWYRQDPGLGLRQIYYSMNVEVTDKGDVPEGYKVSRKEKRNFPLILESPSPNQTSLYFCASSLNGGGQGASQFFGPGTRLTVL","tgtgccagcagtttaaacggggggggacagggggcgtcccagttcttc","CASSLNGGGQGASQFF","TRBV27","TRBD1","TRBJ2-1","aacggggg","gtccc",2,0,0,14,"tgtgccagcagttta","gggacagggggc","agttc",6.11658205394825e-05,1,"","hs_trb_sim"
"87","gagactggagtcacccaaagtcccacacacctgatcaaaacgagaggacagcaagtgactctgagatgctcttctcagtctgggcacaacactgtgtcctggtaccaacaggccctgggtcaggggccccagtttatctttcagtattatagggaggaagagaatggcagaggaaacttccctcctagattctcaggtctccagttccctaattatagctctgagctgaatgtgaacgccttggagctggacgactcggccctgtatctctgtgccagcagcttggcgcccggggagctgttttttggagaaggctctaggctgaccgtactg","ETGVTQSPTHLIKTRGQQVTLRCSSQSGHNTVSWYQQALGQGPQFIFQYYREEENGRGNFPPRFSGLQFPNYSSELNVNALELDDSALYLCASSLAPGELFFGEGSRLTVL","tgtgccagcagcttggcgcccggggagctgtttttt","CASSLAPGELFF","TRBV5-4","","TRBJ2-2","cgc","",0,0,0,6,"tgtgccagcagcttgg","","ccggggagctgtttttt",6.11658205394825e-05,1,"","hs_trb_sim"
"88","aatgctggtgtcactcagaccccaaaattccaggtcctgaagacaggacagagcatgacactgcagtgtgcccaggatatgaaccatgaatacatgtcctggtatcgacaagacccaggcatggggctgaggctgattcattactcagttggtgctggtatcactgaccaaggagaagtccccaatggctacaatgtctccagatcaaccacagaggatttcccgctcaggctgctgtcggctgctccctcccagacatctgtgtacttctgtgccagcgacgagcagtacttcgggccgggcaccaggctcacggtcaca","NAGVTQTPKFQVLKTGQSMTLQCAQDMNHEYMSWYRQDPGMGLRLIHYSVGAGITDQGEVPNGYNVSRSTTEDFPLRLLSAAPSQTSVYFCASDEQYFGPGTRLTVT","tgtgccagcgacgagcagtacttc","CASDEQYF","TRBV6-5","","TRBJ2-7","","g",8,0,0,5,"tgtgccagc","","acgagcagtacttc",6.11658205394825e-05,1,"","hs_trb_sim"
"89","aatgctggtgtcactcagaccccaaaattccaggtcctgaagacaggacagagcatgacactgcagtgtgcccaggatatgaaccataactccatgtactggtatcgacaagacccaggcatgggactgaggctgatttattactcagcttctgagggtaccactgacaaaggagaagtccccaatggctacaatgtctccagattaaacaaacgggagttctcgctcaggctggagtcggctgctccctcccagacatctgtgtacttctgtgccagcagtgaagcgggactagcgggggggcccctagagacccagtacttcgggccaggcacgcggctcctggtgctc","NAGVTQTPKFQVLKTGQSMTLQCAQDMNHNSMYWYRQDPGMGLRLIYYSASEGTTDKGEVPNGYNVSRLNKREFSLRLESAAPSQTSVYFCASSEAGLAGGPLETQYFGPGTRLLVL","tgtgccagcagtgaagcgggactagcgggggggcccctagagacccagtacttc","CASSEAGLAGGPLETQYF","TRBV6-1","TRBD2","TRBJ2-5","","cccct",0,0,0,4,"tgtgccagcagtgaagc","gggactagcggggggg","agagacccagtacttc",6.11658205394825e-05,1,"","hs_trb_sim"
"90","aatgccggcgtcatgcagaacccaagacacctggtcaggaggaggggacaggaggcaagactgagatgcagcccaatgaaaggacacagtcatgtttactggtatcggcagctcccagaggaaggtctgaaattcatggtttatctccagaaagaaaatatcatagatgagtcaggaatgccaaaggaacgattttctgctgaatttcccaaagagggccccagcatcctgaggatccagcaggtagtgcgaggagattcggcagcttatttctgtgccagctcaccacccaggggctacaatgagcagttcttcgggccagggacacggctcaccgtgcta","NAGVMQNPRHLVRRRGQEARLRCSPMKGHSHVYWYRQLPEEGLKFMVYLQKENIIDESGMPKERFSAEFPKEGPSILRIQQVVRGDSAAYFCASSPPRGYNEQFFGPGTRLTVL","tgtgccagctcaccacccaggggctacaatgagcagttcttc","CASSPPRGYNEQFF","TRBV18","TRBD1","TRBJ2-1","","",0,4,2,3,"tgtgccagctcaccacc","cagggg","ctacaatgagcagttcttc",6.11658205394825e-05,1,"","hs_trb_sim"
"91","aatgctggtgtcactcagaccccaaaattccgcatcctgaagataggacagagcatgacactgcagtgtacccaggatatgaaccataactacatgtactggtatcgacaagacccaggcatggggctgaagctgatttattattcagttggtgctggtatcactgataaaggagaagtcccgaatggctacaacgtctccagatcaaccacagaggatttcccgctcaggctggagttggctgctccctcccagacatctgtgtacttctgtgccagcagttactccgcagagacccagtacttcgggccaggcacgcggctcctggtgctc","NAGVTQTPKFRILKIGQSMTLQCTQDMNHNYMYWYRQDPGMGLKLIYYSVGAGITDKGEVPNGYNVSRSTTEDFPLRLELAAPSQTSVYFCASSYSAETQYFGPGTRLLVL","tgtgccagcagttactccgcagagacccagtacttc","CASSYSAETQYF","TRBV6-6","TRBD1","TRBJ2-5","","gc",0,11,0,4,"tgtgccagcagttactc","c","agagacccagtacttc",6.11658205394825e-05,1,"","hs_trb_sim"
"92","catgccaaagtcacacagactccaggacatttggtcaaaggaaaaggacagaaaacaaagatggattgtacccccgaaaaaggacatacttttgtttattggtatcaacagaatcagaataaagagtttatgcttttgatttcctttcagaatgaacaagttcttcaagaaacggagatgcacaagaagcgattctcatctcaatgccccaagaacgcaccctgcagcctggcaatcctgtcctcagaaccgggagacacggcactgtatctctgcgccagcagtggtcgggacagggggctcggggagctgttttttggagaaggctctaggctgaccgtactg","HAKVTQTPGHLVKGKGQKTKMDCTPEKGHTFVYWYQQNQNKEFMLLISFQNEQVLQETEMHKKRFSSQCPKNAPCSLAILSSEPGDTALYLCASSGRDRGLGELFFGEGSRLTVL","tgcgccagcagtggtcgggacagggggctcggggagctgtttttt","CASSGRDRGLGELFF","TRBV23-1","TRBD1","TRBJ2-2","ggtc","t",5,0,0,7,"tgcgccagcagt","gggacagggggc","cggggagctgtttttt",6.11658205394825e-05,1,"","hs_trb_sim"
"93","aaggctggagtcactcaaactccaagatatctgatcaaaacgagaggacagcaagtgacactgagctgctcccctatctctgggcataggagtgtatcctggtaccaacagaccccaggacagggccttcagttcctctttgaatacttcagtgagacacagagaaacaaaggaaacttccctggtcgattctcagggcgccagttctctaactctcgctctgagatgaatgtgagcaccttggagctgggggactcggccctttatctttgcgccagcagcttgggggggcggggtactaatgaaaaactgttttttggcagtggaacccagctctctgtcttg","KAGVTQTPRYLIKTRGQQVTLSCSPISGHRSVSWYQQTPGQGLQFLFEYFSETQRNKGNFPGRFSGRQFSNSRSEMNVSTLELGDSALYLCASSLGGRGTNEKLFFGSGTQLSVL","tgcgccagcagcttgggggggcggggtactaatgaaaaactgtttttt","CASSLGGRGTNEKLFF","TRBV5-1","TRBD1","TRBJ1-4","","gcggggt",0,6,2,2,"tgcgccagcagcttgg","gggg","actaatgaaaaactgttt",6.11658205394825e-05,1,"","hs_trb_sim"
"94","agtgctgtcatctctcaaaagccaagcagggatatctgtcaacgtggaacctccctgacgatccagtgtcaagtcgatagccaagtcaccatgatgttctggtaccgtcagcaacctggacagagcctgacactgatcgcaactgcaaatcagggctctgaggccacatatgagagtggatttgtcattgacaagtttcccatcagccgcccaaacctaacattctcaactctgactgtgagcaacatgagccctgaagacagcagcatatatctctgcagcgttgaagatcgggggacagggggccccgtggaccaagagacccagtacttcgggccaggcacgcggctcctggtgctc","SAVISQKPSRDICQRGTSLTIQCQVDSQVTMMFWYRQQPGQSLTLIATANQGSEATYESGFVIDKFPISRPNLTFSTLTVSNMSPEDSSIYLCSVEDRGTGGPVDQETQYFGPGTRLLVL","tgcagcgttgaagatcgggggacagggggccccgtggaccaagagacccagtacttc","CSVEDRGTGGPVDQETQYF","TRBV29-1","TRBD1","TRBJ2-5","tcgg","cccgtgg",0,0,0,0,"tgcagcgttgaaga","gggacagggggc","accaagagacccagtacttc",6.11658205394825e-05,1,"","hs_trb_sim"
"95","gatgctggaatcacccagagcccaagatacaagatcacagagacaggaaggcaggtgaccttgatgtgtcaccagacttggagccacagctatatgttctggtatcgacaagacctgggacatgggctgaggctgatctattactcagcagctgctgatattacagataaaggagaagtccccgatggctatgttgtctccagatccaagacagagaatttccccctcactctggagtcagctacccgctcccagacatctgtgtatttctgcgccagcagtgagcgtaggacagggggcactgaagctttctttggacaaggcaccagactcacagttgta","DAGITQSPRYKITETGRQVTLMCHQTWSHSYMFWYRQDLGHGLRLIYYSAAADITDKGEVPDGYVVSRSKTENFPLTLESATRSQTSVYFCASSERRTGGTEAFFGQGTRLTVV","tgcgccagcagtgagcgtaggacagggggcactgaagctttcttt","CASSERRTGGTEAFF","TRBV10-2","TRBD1","TRBJ1-1","cgta","",2,1,0,5,"tgcgccagcagtgag","ggacagggggc","actgaagctttcttt",6.11658205394825e-05,1,"","hs_trb_sim"
"96","aaggctggagtcactcaaactccaagatatctgatcaaaacgagaggacagcaagtgacactgagctgctcccctatctctgggcataggagtgtatcctggtaccaacagaccccaggacagggccttcagttcctctttgaatacttcagtgagacacagagaaacaaaggaaacttccctggtcgattctcagggcgccagttctctaactctcgctctgagatgaatgtgagcaccttggagctgggggactcggccctttatctttgcgccagcagcttgtctggattgcgggcgccccactggactgaagctttctttggacaaggcaccagactcacagttgta","KAGVTQTPRYLIKTRGQQVTLSCSPISGHRSVSWYQQTPGQGLQFLFEYFSETQRNKGNFPGRFSGRQFSNSRSEMNVSTLELGDSALYLCASSLSGLRAPHWTEAFFGQGTRLTVV","tgcgccagcagcttgtctggattgcgggcgccccactggactgaagctttcttt","CASSLSGLRAPHWTEAFF","TRBV5-1","TRBD2","TRBJ1-1","tctggatt","gcgccccactgg",1,7,5,5,"tgcgccagcagcttg","gcgg","actgaagctttc",6.11658205394825e-05,1,"","hs_trb_sim"
"97","gacgctggagtcacccaaagtcccacacacctgatcaaaacgagaggacagcaagtgactctgagatgctctcctaagtctgggcatgacactgtgtcctggtaccaacaggccctgggtcaggggccccagtttatctttcagtattatgaggaggaagagagacagagaggcaacttccctgatcgattctcaggtcaccagttccctaactatagctctgagctgaatgtgaacgccttgttgctgggggactcggccctctatctctgtgccagcagcttgggggacagggggcctaccggggagctgttttttggagaaggctctaggctgaccgtactg","DAGVTQSPTHLIKTRGQQVTLRCSPKSGHDTVSWYQQALGQGPQFIFQYYEEEERQRGNFPDRFSGHQFPNYSSELNVNALLLGDSALYLCASSLGDRGPTGELFFGEGSRLTVL","tgtgccagcagcttgggggacagggggcctaccggggagctgtttttt","CASSLGDRGPTGELFF","TRBV5-6","TRBD1","TRBJ2-2","","ct",0,0,0,5,"tgtgccagcagcttgg","gggacagggggc","accggggagctgtttttt",6.11658205394825e-05,1,"","hs_trb_sim"
"98","aaggctggagtcactcaaactccaagatatctgatcaaaacgagaggacagcaagtgacactgagctgctcccctatctctgggcataggagtgtatcctggtaccaacagaccccaggacagggccttcagttcctctttgaatacttcagtgagacacagagaaacaaaggaaacttccctggtcgattctcagggcgccagttctctaactctcgctctgagatgaatgtgagcaccttggagctgggggactcggccctttatctttgcgccagcagcttgggacagggggaagtgaacactgaagctttctttggacaaggcaccagactcacagttgta","KAGVTQTPRYLIKTRGQQVTLSCSPISGHRSVSWYQQTPGQGLQFLFEYFSETQRNKGNFPGRFSGRQFSNSRSEMNVSTLELGDSALYLCASSLGQGEVNTEAFFGQGTRLTVV","tgcgccagcagcttgggacagggggaagtgaacactgaagctttcttt","CASSLGQGEVNTEAFF","TRBV5-1","TRBD1","TRBJ1-1","g","gaag",0,3,2,0,"tgcgccagcagcttgg","acagggg","tgaacactgaagctttc",6.11658205394825e-05,1,"","hs_trb_sim"
"99","gatgctggaatcacccagagcccaagatacaagatcacagagacaggaaggcaggtgaccttgatgtgtcaccagacttggagccacagctatatgttctggtatcgacaagacctgggacatgggctgaggctgatctattactcagcagctgctgatattacagataaaggagaagtccccgatggctatgttgtctccagatccaagacagagaatttccccctcactctggagtcagctacccgctcccagacatctgtgtatttctgcgccagcagtgagagaagggaagagacccagtacttcgggccaggcacgcggctcctggtgctc","DAGITQSPRYKITETGRQVTLMCHQTWSHSYMFWYRQDLGHGLRLIYYSAAADITDKGEVPDGYVVSRSKTENFPLTLESATRSQTSVYFCASSERREETQYFGPGTRLLVL","tgcgccagcagtgagagaagggaagagacccagtacttc","CASSERREETQYF","TRBV10-2","","TRBJ2-5","agaa","ggga",2,0,0,4,"tgcgccagcagtgag","","agagacccagtacttc",6.11658205394825e-05,1,"","hs_trb_sim"
"100","aatgctggtgtcactcagaccccaaaattccgcatcctgaagataggacagagcatgacactgcagtgtacccaggatatgaaccataactacatgtactggtatcgacaagacccaggcatggggctgaagctgatttattattcagttggtgctggtatcactgataaaggagaagtcccgaatggctacaacgtctccagatcaaccacagaggatttcccgctcaggctggagttggctgctccctcccagacatctgtgtacttctgtgccagcagttactcgggcactgaagctttctttggacaaggcaccagactcacagttgta","NAGVTQTPKFRILKIGQSMTLQCTQDMNHNYMYWYRQDPGMGLKLIYYSVGAGITDKGEVPNGYNVSRSTTEDFPLRLELAAPSQTSVYFCASSYSGTEAFFGQGTRLTVV","tgtgccagcagttactcgggcactgaagctttcttt","CASSYSGTEAFF","TRBV6-6","TRBD1","TRBJ1-1","g","a",0,9,0,6,"tgtgccagcagttactc","ggc","ctgaagctttc",6.11658205394825e-05,1,"","hs_trb_sim"
